Protein	Accession	Entry Name	Gene.Names	Protein Length	Coverage	Protein Existence	Description	UniProt_ID	Gene_ID	seqname	source	feature	start	end	score	strand	frame	gene_id	gene_name	gene_biotype	tss
sp|A0A075B6I9|LV746_HUMAN	A0A075B6I9	LV746_HUMAN	IGLV7-46	117	76.9	3:Protein inferred from homology	Immunoglobulin lambda variable 7-46	A0A075B6I9	ENSG00000211649	22	havana	gene	22369614.0	22370087.0	.	+	.	ENSG00000211649	IGLV7-46	IG_V_gene	22369614.0
sp|A0A075B6P5|KV228_HUMAN	A0A075B6P5	KV228_HUMAN	IGKV2-28	120	100.0	3:Protein inferred from homology	Immunoglobulin kappa variable 2-28	A0A075B6P5	ENSG00000244116	2	havana	gene	89221698.0	89222461.0	.	-	.	ENSG00000244116	IGKV2-28	IG_V_gene	89222461.0
sp|A0A075B6P5|KV228_HUMAN	A0A075B6P5	KV228_HUMAN	IGKV2-28	120	100.0	3:Protein inferred from homology	Immunoglobulin kappa variable 2-28	A0A075B6P5	ENSG00000282025												
sp|A0A087WSY6|KVD15_HUMAN	A0A087WSY6	KVD15_HUMAN	IGKV3D-15	115	96.5	3:Protein inferred from homology	Immunoglobulin kappa variable 3D-15	A0A087WSY6	ENSG00000224041	2	havana	gene	90114838.0	90115402.0	.	+	.	ENSG00000224041	IGKV3D-15	IG_V_gene	90114838.0
sp|A0A087WW87|KV240_HUMAN	A0A087WW87	KV240_HUMAN	IGKV2-40	121	81.0	3:Protein inferred from homology	Immunoglobulin kappa variable 2-40	A0A087WW87	ENSG00000273962	2	ensembl_havana	gene	89330110.0	89330429.0	.	-	.	ENSG00000273962	IGKV2-40	IG_V_gene	89330429.0
sp|A0A0B4J1V0|HV315_HUMAN	A0A0B4J1V0	HV315_HUMAN	IGHV3-15	119	84.0	3:Protein inferred from homology	Immunoglobulin heavy variable 3-15	A0A0B4J1V0	ENSG00000282290												
sp|A0A0B4J1V0|HV315_HUMAN	A0A0B4J1V0	HV315_HUMAN	IGHV3-15	119	84.0	3:Protein inferred from homology	Immunoglobulin heavy variable 3-15	A0A0B4J1V0	ENSG00000211943	14	havana	gene	106153624.0	106154163.0	.	-	.	ENSG00000211943	IGHV3-15	IG_V_gene	106154163.0
sp|A0A0B4J1V2|HV226_HUMAN	A0A0B4J1V2	HV226_HUMAN	IGHV2-26	119	70.6	3:Protein inferred from homology	Immunoglobulin heavy variable 2-26	A0A0B4J1V2	ENSG00000211951	14	havana	gene	106301396.0	106301862.0	.	-	.	ENSG00000211951	IGHV2-26	IG_V_gene	106301862.0
sp|A0A0B4J1V2|HV226_HUMAN	A0A0B4J1V2	HV226_HUMAN	IGHV2-26	119	70.6	3:Protein inferred from homology	Immunoglobulin heavy variable 2-26	A0A0B4J1V2	ENSG00000282344												
sp|A0A0B4J1V6|HV373_HUMAN	A0A0B4J1V6	HV373_HUMAN	IGHV3-73	119	99.2	3:Protein inferred from homology	Immunoglobulin heavy variable 3-73	A0A0B4J1V6	ENSG00000211976	14	havana	gene	106802694.0	106803233.0	.	-	.	ENSG00000211976	IGHV3-73	IG_V_gene	106803233.0
sp|A0A0B4J1V6|HV373_HUMAN	A0A0B4J1V6	HV373_HUMAN	IGHV3-73	119	99.2	3:Protein inferred from homology	Immunoglobulin heavy variable 3-73	A0A0B4J1V6	ENSG00000273539												
sp|A0A0B4J1X5|HV374_HUMAN	A0A0B4J1X5	HV374_HUMAN	IGHV3-74	117	83.8	3:Protein inferred from homology	Immunoglobulin heavy variable 3-74	A0A0B4J1X5	ENSG00000224650	14	havana	gene	106810442.0	106811131.0	.	-	.	ENSG00000224650	IGHV3-74	IG_V_gene	106811131.0
sp|A0A0B4J1X5|HV374_HUMAN	A0A0B4J1X5	HV374_HUMAN	IGHV3-74	117	83.8	3:Protein inferred from homology	Immunoglobulin heavy variable 3-74	A0A0B4J1X5	ENSG00000282305												
sp|A0A0C4DH31|HV118_HUMAN	A0A0C4DH31	HV118_HUMAN	IGHV1-18	117	85.5	3:Protein inferred from homology	Immunoglobulin heavy variable 1-18	A0A0C4DH31	ENSG00000211945	14	havana	gene	106184901.0	106185394.0	.	-	.	ENSG00000211945	IGHV1-18	IG_V_gene	106185394.0
sp|A0A0C4DH31|HV118_HUMAN	A0A0C4DH31	HV118_HUMAN	IGHV1-18	117	85.5	3:Protein inferred from homology	Immunoglobulin heavy variable 1-18	A0A0C4DH31	ENSG00000282716												
sp|A0A0C4DH38|HV551_HUMAN	A0A0C4DH38	HV551_HUMAN	IGHV5-51	117	96.6	3:Protein inferred from homology	Immunoglobulin heavy variable 5-51	A0A0C4DH38	ENSG00000211966	14	ensembl_havana	gene	106578744.0	106579236.0	.	-	.	ENSG00000211966	IGHV5-51	IG_V_gene	106579236.0
sp|A0A0C4DH38|HV551_HUMAN	A0A0C4DH38	HV551_HUMAN	IGHV5-51	117	96.6	3:Protein inferred from homology	Immunoglobulin heavy variable 5-51	A0A0C4DH38	ENSG00000277574												
sp|A0A0C4DH42|HV366_HUMAN	A0A0C4DH42	HV366_HUMAN	IGHV3-66	116	87.1	3:Protein inferred from homology	Immunoglobulin heavy variable 3-66	A0A0C4DH42	ENSG00000282045												
sp|A0A0C4DH42|HV366_HUMAN	A0A0C4DH42	HV366_HUMAN	IGHV3-66	116	87.1	3:Protein inferred from homology	Immunoglobulin heavy variable 3-66	A0A0C4DH42	ENSG00000211972	14	havana	gene	106675017.0	106675544.0	.	-	.	ENSG00000211972	IGHV3-66	IG_V_gene	106675544.0
sp|A0A0C4DH72|KV106_HUMAN	A0A0C4DH72	KV106_HUMAN	IGKV1-6	117	72.6	3:Protein inferred from homology	Immunoglobulin kappa variable 1-6	A0A0C4DH72	ENSG00000282163												
sp|A0A0C4DH72|KV106_HUMAN	A0A0C4DH72	KV106_HUMAN	IGKV1-6	117	72.6	3:Protein inferred from homology	Immunoglobulin kappa variable 1-6	A0A0C4DH72	ENSG00000239855	2	havana	gene	88966262.0	88966767.0	.	-	.	ENSG00000239855	IGKV1-6	IG_V_gene	88966767.0
sp|A1L157|TSN11_HUMAN	A1L157	TSN11_HUMAN	TSPAN11	253	46.6	2:Experimental evidence at transcript level	Tetraspanin-11	A1L157	ENSG00000110900	12	ensembl_havana	gene	30926428.0	30996602.0	.	+	.	ENSG00000110900	TSPAN11	protein_coding	30926428.0
sp|A2VEC9|SSPO_HUMAN	A2VEC9	SSPO_HUMAN	SSPO	5150	61.6	2:Experimental evidence at transcript level	SCO-spondin	A2VEC9	ENSG00000197558	7	havana	gene	149776042.0	149833979.0	.	+	.	ENSG00000197558	SSPO	transcribed_unitary_pseudogene	149776042.0
sp|A6NJ88|SGE2P_HUMAN	A6NJ88	SGE2P_HUMAN	SAGE2P	616	47.1	5:Protein uncertain	Putative SAGE1-like protein	A6NJ88	ENSG00000198022	X	havana	gene	135673591.0	135686151.0	.	-	.	ENSG00000198022	SAGE2P	unprocessed_pseudogene	135686151.0
sp|A7E2V4|ZSWM8_HUMAN	A7E2V4	ZSWM8_HUMAN	ZSWIM8	1837	51.0	1:Experimental evidence at protein level	Zinc finger SWIM domain-containing protein 8	A7E2V4	ENSG00000214655	10	ensembl_havana	gene	73785582.0	73801797.0	.	+	.	ENSG00000214655	ZSWIM8	protein_coding	73785582.0
sp|B9A064|IGLL5_HUMAN	B9A064	IGLL5_HUMAN	IGLL5	214	70.6	2:Experimental evidence at transcript level	Immunoglobulin lambda-like polypeptide 5	B9A064	ENSG00000254709	22	ensembl_havana	gene	22887780.0	22896111.0	.	+	.	ENSG00000254709	IGLL5	protein_coding	22887780.0
sp|H3BRN8|CO065_HUMAN	H3BRN8	CO065_HUMAN	C15orf65	121	39.7	2:Experimental evidence at transcript level	Uncharacterized protein C15orf65	H3BRN8	ENSG00000261652	15	ensembl_havana	gene	55408495.0	55418798.0	.	+	.	ENSG00000261652	C15orf65	protein_coding	55408495.0
sp|O00187|MASP2_HUMAN	O00187	MASP2_HUMAN	MASP2	686	74.2	1:Experimental evidence at protein level	Mannan-binding lectin serine protease 2	O00187	ENSG00000009724	1	ensembl_havana	gene	11026523.0	11047239.0	.	-	.	ENSG00000009724	MASP2	protein_coding	11047239.0
sp|O00295|TULP2_HUMAN	O00295	TULP2_HUMAN	TULP2	520	46.7	2:Experimental evidence at transcript level	Tubby-related protein 2	O00295	ENSG00000104804	19	ensembl_havana	gene	48880967.0	48898744.0	.	-	.	ENSG00000104804	TULP2	protein_coding	48898744.0
sp|O14618|CCS_HUMAN	O14618	CCS_HUMAN	CCS	274	40.5	1:Experimental evidence at protein level	Copper chaperone for superoxide dismutase	O14618	ENSG00000173992	11	ensembl_havana	gene	66593153.0	66606019.0	.	+	.	ENSG00000173992	CCS	protein_coding	66593153.0
sp|O14791|APOL1_HUMAN	O14791	APOL1_HUMAN	APOL1	398	91.7	1:Experimental evidence at protein level	Apolipoprotein L1	O14791	ENSG00000100342	22	ensembl_havana	gene	36253010.0	36267530.0	.	+	.	ENSG00000100342	APOL1	protein_coding	36253010.0
sp|O14983|AT2A1_HUMAN	O14983	AT2A1_HUMAN	ATP2A1	1001	47.9	1:Experimental evidence at protein level	Sarcoplasmic/endoplasmic reticulum calcium ATPase 1	O14983	ENSG00000196296	16	ensembl_havana	gene	28878405.0	28904509.0	.	+	.	ENSG00000196296	ATP2A1	protein_coding	28878405.0
sp|O15230|LAMA5_HUMAN	O15230	LAMA5_HUMAN	LAMA5	3695	53.6	1:Experimental evidence at protein level	Laminin subunit alpha-5	O15230	ENSG00000130702	20	ensembl_havana	gene	62307955.0	62367312.0	.	-	.	ENSG00000130702	LAMA5	protein_coding	62367312.0
sp|O43593|HAIR_HUMAN	O43593	HAIR_HUMAN	HR	1189	51.1	1:Experimental evidence at protein level	Lysine-specific demethylase hairless	O43593	ENSG00000168453	8	ensembl_havana	gene	22114419.0	22133384.0	.	-	.	ENSG00000168453	HR	protein_coding	22133384.0
sp|O43866|CD5L_HUMAN	O43866	CD5L_HUMAN	CD5L	347	77.5	1:Experimental evidence at protein level	CD5 antigen-like	O43866	ENSG00000073754	1	ensembl_havana	gene	157830911.0	157898256.0	.	-	.	ENSG00000073754	CD5L	protein_coding	157898256.0
sp|O75015|FCG3B_HUMAN	O75015	FCG3B_HUMAN	FCGR3B	233	49.4	1:Experimental evidence at protein level	Low affinity immunoglobulin gamma Fc region receptor III-B	O75015	ENSG00000162747	1	ensembl_havana	gene	161623196.0	161631963.0	.	-	.	ENSG00000162747	FCGR3B	protein_coding	161631963.0
sp|O75460|ERN1_HUMAN	O75460	ERN1_HUMAN	ERN1	977	52.7	1:Experimental evidence at protein level	Serine/threonine-protein kinase/endoribonuclease IRE1	O75460	ENSG00000178607	17	ensembl_havana	gene	64039142.0	64130819.0	.	-	.	ENSG00000178607	ERN1	protein_coding	64130819.0
sp|O75636|FCN3_HUMAN	O75636	FCN3_HUMAN	FCN3	299	76.6	1:Experimental evidence at protein level	Ficolin-3	O75636	ENSG00000142748	1	ensembl_havana	gene	27369112.0	27374824.0	.	-	.	ENSG00000142748	FCN3	protein_coding	27374824.0
sp|O75882|ATRN_HUMAN	O75882	ATRN_HUMAN	ATRN	1429	71.4	1:Experimental evidence at protein level	Attractin	O75882	ENSG00000088812	20	ensembl_havana	gene	3471018.0	3651118.0	.	+	.	ENSG00000088812	ATRN	protein_coding	3471018.0
sp|O95445|APOM_HUMAN	O95445	APOM_HUMAN	APOM	188	78.2	1:Experimental evidence at protein level	Apolipoprotein M	O95445	ENSG00000235754												
sp|O95445|APOM_HUMAN	O95445	APOM_HUMAN	APOM	188	78.2	1:Experimental evidence at protein level	Apolipoprotein M	O95445	ENSG00000224290												
sp|O95445|APOM_HUMAN	O95445	APOM_HUMAN	APOM	188	78.2	1:Experimental evidence at protein level	Apolipoprotein M	O95445	ENSG00000226215												
sp|O95445|APOM_HUMAN	O95445	APOM_HUMAN	APOM	188	78.2	1:Experimental evidence at protein level	Apolipoprotein M	O95445	ENSG00000206409												
sp|O95445|APOM_HUMAN	O95445	APOM_HUMAN	APOM	188	78.2	1:Experimental evidence at protein level	Apolipoprotein M	O95445	ENSG00000227567												
sp|O95445|APOM_HUMAN	O95445	APOM_HUMAN	APOM	188	78.2	1:Experimental evidence at protein level	Apolipoprotein M	O95445	ENSG00000231974												
sp|O95445|APOM_HUMAN	O95445	APOM_HUMAN	APOM	188	78.2	1:Experimental evidence at protein level	Apolipoprotein M	O95445	ENSG00000204444	6	ensembl_havana	gene	31652416.0	31658210.0	.	+	.	ENSG00000204444	APOM	protein_coding	31652416.0
sp|P00450|CERU_HUMAN	P00450	CERU_HUMAN	CP	1065	96.2	1:Experimental evidence at protein level	Ceruloplasmin	P00450	ENSG00000047457	3	ensembl_havana	gene	149162410.0	149221829.0	.	-	.	ENSG00000047457	CP	protein_coding	149221829.0
sp|P00488|F13A_HUMAN	P00488	F13A_HUMAN	F13A1	732	78.1	1:Experimental evidence at protein level	Coagulation factor XIII A chain	P00488	ENSG00000124491	6	ensembl_havana	gene	6144084.0	6321013.0	.	-	.	ENSG00000124491	F13A1	protein_coding	6321013.0
sp|P00734|THRB_HUMAN	P00734	THRB_HUMAN	F2	622	86.0	1:Experimental evidence at protein level	Prothrombin	P00734	ENSG00000180210	11	ensembl_havana	gene	46719196.0	46739506.0	.	+	.	ENSG00000180210	F2	protein_coding	46719196.0
sp|P00736|C1R_HUMAN	P00736	C1R_HUMAN	C1R	705	87.7	1:Experimental evidence at protein level	Complement C1r subcomponent	P00736	ENSG00000159403	12	ensembl_havana	gene	7080214.0	7092540.0	.	-	.	ENSG00000159403	C1R	protein_coding	7092540.0
sp|P00738|HPT_HUMAN	P00738	HPT_HUMAN	HP	406	94.6	1:Experimental evidence at protein level	Haptoglobin	P00738	ENSG00000257017	16	ensembl_havana	gene	72054505.0	72061055.0	.	+	.	ENSG00000257017	HP	protein_coding	72054505.0
sp|P00739|HPTR_HUMAN	P00739	HPTR_HUMAN	HPR	348	96.6	2:Experimental evidence at transcript level	Haptoglobin-related protein	P00739	ENSG00000261701	16	ensembl_havana	gene	72063148.0	72077246.0	.	+	.	ENSG00000261701	HPR	protein_coding	72063148.0
sp|P00740|FA9_HUMAN	P00740	FA9_HUMAN	F9	461	89.4	1:Experimental evidence at protein level	Coagulation factor IX	P00740	ENSG00000101981	X	ensembl_havana	gene	139530739.0	139563459.0	.	+	.	ENSG00000101981	F9	protein_coding	139530739.0
sp|P00742|FA10_HUMAN	P00742	FA10_HUMAN	F10	488	68.4	1:Experimental evidence at protein level	Coagulation factor X	P00742	ENSG00000126218	13	ensembl_havana	gene	113122799.0	113149529.0	.	+	.	ENSG00000126218	F10	protein_coding	113122799.0
sp|P00746|CFAD_HUMAN	P00746	CFAD_HUMAN	CFD	253	75.1	1:Experimental evidence at protein level	Complement factor D	P00746	ENSG00000197766	19	ensembl_havana	gene	859664.0	863641.0	.	+	.	ENSG00000197766	CFD	protein_coding	859664.0
sp|P00746|CFAD_HUMAN	P00746	CFAD_HUMAN	CFD	253	75.1	1:Experimental evidence at protein level	Complement factor D	P00746	ENSG00000274619												
sp|P00747|PLMN_HUMAN	P00747	PLMN_HUMAN	PLG	810	91.2	1:Experimental evidence at protein level	Plasminogen	P00747	ENSG00000122194	6	ensembl_havana	gene	160702238.0	160753315.0	.	+	.	ENSG00000122194	PLG	protein_coding	160702238.0
sp|P00748|FA12_HUMAN	P00748	FA12_HUMAN	F12	615	79.2	1:Experimental evidence at protein level	Coagulation factor XII	P00748	ENSG00000131187	5	ensembl_havana	gene	177402140.0	177409576.0	.	-	.	ENSG00000131187	F12	protein_coding	177409576.0
sp|P00751|CFAB_HUMAN	P00751	CFAB_HUMAN	CFB	764	95.5	1:Experimental evidence at protein level	Complement factor B	P00751	ENSG00000239754												
sp|P00751|CFAB_HUMAN	P00751	CFAB_HUMAN	CFB	764	95.5	1:Experimental evidence at protein level	Complement factor B	P00751	ENSG00000241534												
sp|P00751|CFAB_HUMAN	P00751	CFAB_HUMAN	CFB	764	95.5	1:Experimental evidence at protein level	Complement factor B	P00751	ENSG00000243570												
sp|P00751|CFAB_HUMAN	P00751	CFAB_HUMAN	CFB	764	95.5	1:Experimental evidence at protein level	Complement factor B	P00751	ENSG00000241253												
sp|P00751|CFAB_HUMAN	P00751	CFAB_HUMAN	CFB	764	95.5	1:Experimental evidence at protein level	Complement factor B	P00751	ENSG00000242335												
sp|P00751|CFAB_HUMAN	P00751	CFAB_HUMAN	CFB	764	95.5	1:Experimental evidence at protein level	Complement factor B	P00751	ENSG00000243649	6	ensembl_havana	gene	31945650.0	31952084.0	.	+	.	ENSG00000243649	CFB	protein_coding	31945650.0
sp|P01008|ANT3_HUMAN	P01008	ANT3_HUMAN	SERPINC1	464	86.4	1:Experimental evidence at protein level	Antithrombin-III	P01008	ENSG00000117601	1	ensembl_havana	gene	173903804.0	173917378.0	.	-	.	ENSG00000117601	SERPINC1	protein_coding	173917378.0
sp|P01009|A1AT_HUMAN	P01009	A1AT_HUMAN	SERPINA1	418	100.0	1:Experimental evidence at protein level	Alpha-1-antitrypsin	P01009	ENSG00000197249	14	ensembl_havana	gene	94376747.0	94390693.0	.	-	.	ENSG00000197249	SERPINA1	protein_coding	94390693.0
sp|P01011|AACT_HUMAN	P01011	AACT_HUMAN	SERPINA3	423	90.1	1:Experimental evidence at protein level	Alpha-1-antichymotrypsin	P01011	ENSG00000196136	14	ensembl_havana	gene	94612384.0	94624055.0	.	+	.	ENSG00000196136	SERPINA3	protein_coding	94612384.0
sp|P01019|ANGT_HUMAN	P01019	ANGT_HUMAN	AGT	485	90.7	1:Experimental evidence at protein level	Angiotensinogen	P01019	ENSG00000135744	1	ensembl_havana	gene	230702523.0	230714122.0	.	-	.	ENSG00000135744	AGT	protein_coding	230714122.0
sp|P01023|A2MG_HUMAN	P01023	A2MG_HUMAN	A2M	1474	95.7	1:Experimental evidence at protein level	Alpha-2-macroglobulin	P01023	ENSG00000175899	12	ensembl_havana	gene	9067664.0	9116229.0	.	-	.	ENSG00000175899	A2M	protein_coding	9116229.0
sp|P01024|CO3_HUMAN	P01024	CO3_HUMAN	C3	1663	97.2	1:Experimental evidence at protein level	Complement C3	P01024	ENSG00000125730	19	ensembl_havana	gene	6677704.0	6730562.0	.	-	.	ENSG00000125730	C3	protein_coding	6730562.0
sp|P01031|CO5_HUMAN	P01031	CO5_HUMAN	C5	1676	92.1	1:Experimental evidence at protein level	Complement C5	P01031	ENSG00000106804	9	ensembl_havana	gene	120952335.0	121050275.0	.	-	.	ENSG00000106804	C5	protein_coding	121050275.0
sp|P01034|CYTC_HUMAN	P01034	CYTC_HUMAN	CST3	146	77.4	1:Experimental evidence at protein level	Cystatin-C	P01034	ENSG00000101439	20	ensembl_havana	gene	23626706.0	23638473.0	.	-	.	ENSG00000101439	CST3	protein_coding	23638473.0
sp|P01042|KNG1_HUMAN	P01042	KNG1_HUMAN	KNG1	644	78.1	1:Experimental evidence at protein level	Kininogen-1	P01042	ENSG00000113889	3	ensembl_havana	gene	186717348.0	186744410.0	.	+	.	ENSG00000113889	KNG1	protein_coding	186717348.0
sp|P01591|IGJ_HUMAN	P01591	IGJ_HUMAN	JCHAIN	159	75.5	1:Experimental evidence at protein level	Immunoglobulin J chain	P01591	ENSG00000132465	4	ensembl_havana	gene	70655541.0	70681817.0	.	-	.	ENSG00000132465	JCHAIN	protein_coding	70681817.0
sp|P01597|KV139_HUMAN	P01597	KV139_HUMAN	IGKV1-39	117	81.2	1:Experimental evidence at protein level	Immunoglobulin kappa variable 1-39	P01597	ENSG00000282120												
sp|P01597|KV139_HUMAN	P01597	KV139_HUMAN	IGKV1-39	117	81.2	1:Experimental evidence at protein level	Immunoglobulin kappa variable 1-39	P01597	ENSG00000242371	2	ensembl_havana	gene	89319625.0	89320146.0	.	-	.	ENSG00000242371	IGKV1-39	IG_V_gene	89320146.0
sp|P01602|KV105_HUMAN	P01602	KV105_HUMAN	IGKV1-5	117	63.2	1:Experimental evidence at protein level	Immunoglobulin kappa variable 1-5	P01602	ENSG00000243466	2	havana	gene	88947301.0	88947957.0	.	-	.	ENSG00000243466	IGKV1-5	IG_V_gene	88947957.0
sp|P01602|KV105_HUMAN	P01602	KV105_HUMAN	IGKV1-5	117	63.2	1:Experimental evidence at protein level	Immunoglobulin kappa variable 1-5	P01602	ENSG00000282801												
sp|P01619|KV320_HUMAN	P01619	KV320_HUMAN	IGKV3-20	116	82.8	1:Experimental evidence at protein level	Immunoglobulin kappa variable 3-20	P01619	ENSG00000239951	2	ensembl_havana	gene	89142574.0	89143160.0	.	-	.	ENSG00000239951	IGKV3-20	IG_V_gene	89143160.0
sp|P01619|KV320_HUMAN	P01619	KV320_HUMAN	IGKV3-20	116	82.8	1:Experimental evidence at protein level	Immunoglobulin kappa variable 3-20	P01619	ENSG00000282402												
sp|P01700|LV147_HUMAN	P01700	LV147_HUMAN	IGLV1-47	117	99.1	1:Experimental evidence at protein level	Immunoglobulin lambda variable 1-47	P01700	ENSG00000211648	22	havana	gene	22357739.0	22358260.0	.	+	.	ENSG00000211648	IGLV1-47	IG_V_gene	22357739.0
sp|P01703|LV140_HUMAN	P01703	LV140_HUMAN	IGLV1-40	118	98.3	1:Experimental evidence at protein level	Immunoglobulin lambda variable 1-40	P01703	ENSG00000211653	22	havana	gene	22409766.0	22410282.0	.	+	.	ENSG00000211653	IGLV1-40	IG_V_gene	22409766.0
sp|P01703|LV140_HUMAN	P01703	LV140_HUMAN	IGLV1-40	118	98.3	1:Experimental evidence at protein level	Immunoglobulin lambda variable 1-40	P01703	ENSG00000274575												
sp|P01714|LV319_HUMAN	P01714	LV319_HUMAN	IGLV3-19	112	89.3	1:Experimental evidence at protein level	Immunoglobulin lambda variable 3-19	P01714	ENSG00000211663	22	havana	gene	22720623.0	22721145.0	.	+	.	ENSG00000211663	IGLV3-19	IG_V_gene	22720623.0
sp|P01717|LV325_HUMAN	P01717	LV325_HUMAN	IGLV3-25	112	100.0	1:Experimental evidence at protein level	Immunoglobulin lambda variable 3-25	P01717	ENSG00000211659	22	havana	gene	22686726.0	22687271.0	.	+	.	ENSG00000211659	IGLV3-25	IG_V_gene	22686726.0
sp|P01718|LV327_HUMAN	P01718	LV327_HUMAN	IGLV3-27	113	61.1	1:Experimental evidence at protein level	Immunoglobulin lambda variable 3-27	P01718	ENSG00000211658	22	havana	gene	22668288.0	22668806.0	.	+	.	ENSG00000211658	IGLV3-27	IG_V_gene	22668288.0
sp|P01721|LV657_HUMAN	P01721	LV657_HUMAN	IGLV6-57	117	95.7	1:Experimental evidence at protein level	Immunoglobulin lambda variable 6-57	P01721	ENSG00000211640	22	ensembl_havana	gene	22195799.0	22196276.0	.	+	.	ENSG00000211640	IGLV6-57	IG_V_gene	22195799.0
sp|P01780|HV307_HUMAN	P01780	HV307_HUMAN	IGHV3-7	117	99.1	1:Experimental evidence at protein level	Immunoglobulin heavy variable 3-7	P01780	ENSG00000211938	14	havana	gene	106062151.0	106062683.0	.	-	.	ENSG00000211938	IGHV3-7	IG_V_gene	106062683.0
sp|P01780|HV307_HUMAN	P01780	HV307_HUMAN	IGHV3-7	117	99.1	1:Experimental evidence at protein level	Immunoglobulin heavy variable 3-7	P01780	ENSG00000282211												
sp|P01782|HV309_HUMAN	P01782	HV309_HUMAN	IGHV3-9	118	83.9	1:Experimental evidence at protein level	Immunoglobulin heavy variable 3-9	P01782													
sp|P01834|IGKC_HUMAN	P01834	IGKC_HUMAN	IGKC	107	100.0	1:Experimental evidence at protein level	Immunoglobulin kappa constant	P01834	ENSG00000211592	2	havana	gene	88857161.0	88857683.0	.	-	.	ENSG00000211592	IGKC	IG_C_gene	88857683.0
sp|P01857|IGHG1_HUMAN	P01857	IGHG1_HUMAN	IGHG1	330	98.2	1:Experimental evidence at protein level	Immunoglobulin heavy constant gamma 1	P01857	ENSG00000211896	14	havana	gene	105736343.0	105743071.0	.	-	.	ENSG00000211896	IGHG1	IG_C_gene	105743071.0
sp|P01857|IGHG1_HUMAN	P01857	IGHG1_HUMAN	IGHG1	330	98.2	1:Experimental evidence at protein level	Immunoglobulin heavy constant gamma 1	P01857	ENSG00000277633												
sp|P01859|IGHG2_HUMAN	P01859	IGHG2_HUMAN	IGHG2	326	96.6	1:Experimental evidence at protein level	Immunoglobulin heavy constant gamma 2	P01859	ENSG00000274497												
sp|P01859|IGHG2_HUMAN	P01859	IGHG2_HUMAN	IGHG2	326	96.6	1:Experimental evidence at protein level	Immunoglobulin heavy constant gamma 2	P01859	ENSG00000211893	14	ensembl_havana	gene	105639559.0	105644790.0	.	-	.	ENSG00000211893	IGHG2	IG_C_gene	105644790.0
sp|P01860|IGHG3_HUMAN	P01860	IGHG3_HUMAN	IGHG3	377	92.6	1:Experimental evidence at protein level	Immunoglobulin heavy constant gamma 3	P01860	ENSG00000211897	14	havana	gene	105764503.0	105771405.0	.	-	.	ENSG00000211897	IGHG3	IG_C_gene	105771405.0
sp|P01861|IGHG4_HUMAN	P01861	IGHG4_HUMAN	IGHG4	327	97.2	1:Experimental evidence at protein level	Immunoglobulin heavy constant gamma 4	P01861	ENSG00000277016												
sp|P01861|IGHG4_HUMAN	P01861	IGHG4_HUMAN	IGHG4	327	97.2	1:Experimental evidence at protein level	Immunoglobulin heavy constant gamma 4	P01861	ENSG00000211892	14	ensembl_havana	gene	105620506.0	105626066.0	.	-	.	ENSG00000211892	IGHG4	IG_C_gene	105626066.0
sp|P01871|IGHM_HUMAN	P01871	IGHM_HUMAN	IGHM	453	96.9	1:Experimental evidence at protein level	Immunoglobulin heavy constant mu	P01871	ENSG00000282657												
sp|P01871|IGHM_HUMAN	P01871	IGHM_HUMAN	IGHM	453	96.9	1:Experimental evidence at protein level	Immunoglobulin heavy constant mu	P01871	ENSG00000211899	14	havana	gene	105851705.0	105856218.0	.	-	.	ENSG00000211899	IGHM	IG_C_gene	105856218.0
sp|P01876|IGHA1_HUMAN	P01876	IGHA1_HUMAN	IGHA1	353	94.3	1:Experimental evidence at protein level	Immunoglobulin heavy constant alpha 1	P01876	ENSG00000211895	14	havana	gene	105703995.0	105708665.0	.	-	.	ENSG00000211895	IGHA1	IG_C_gene	105708665.0
sp|P01876|IGHA1_HUMAN	P01876	IGHA1_HUMAN	IGHA1	353	94.3	1:Experimental evidence at protein level	Immunoglobulin heavy constant alpha 1	P01876	ENSG00000282633												
sp|P01877|IGHA2_HUMAN	P01877	IGHA2_HUMAN	IGHA2	340	91.2	1:Experimental evidence at protein level	Immunoglobulin heavy constant alpha 2	P01877	ENSG00000211890	14	havana	gene	105583731.0	105588395.0	.	-	.	ENSG00000211890	IGHA2	IG_C_gene	105588395.0
sp|P01880|IGHD_HUMAN	P01880	IGHD_HUMAN	IGHD	384	83.6	1:Experimental evidence at protein level	Immunoglobulin heavy constant delta	P01880	ENSG00000211898	14	ensembl_havana	gene	105836765.0	105845678.0	.	-	.	ENSG00000211898	IGHD	IG_C_gene	105845678.0
sp|P02042|HBD_HUMAN	P02042	HBD_HUMAN	HBD	147	99.3	1:Experimental evidence at protein level	Hemoglobin subunit delta	P02042	ENSG00000223609	11	ensembl_havana	gene	5232678.0	5243657.0	.	-	.	ENSG00000223609	HBD	protein_coding	5243657.0
sp|P02647|APOA1_HUMAN	P02647	APOA1_HUMAN	APOA1	267	93.3	1:Experimental evidence at protein level	Apolipoprotein A-I	P02647	ENSG00000118137	11	ensembl_havana	gene	116835751.0	116837950.0	.	-	.	ENSG00000118137	APOA1	protein_coding	116837950.0
sp|P02649|APOE_HUMAN	P02649	APOE_HUMAN	APOE	317	91.2	1:Experimental evidence at protein level	Apolipoprotein E	P02649	ENSG00000130203	19	ensembl_havana	gene	44905791.0	44909393.0	.	+	.	ENSG00000130203	APOE	protein_coding	44905791.0
sp|P02652|APOA2_HUMAN	P02652	APOA2_HUMAN	APOA2	100	77.0	1:Experimental evidence at protein level	Apolipoprotein A-II	P02652	ENSG00000158874	1	ensembl_havana	gene	161222292.0	161223631.0	.	-	.	ENSG00000158874	APOA2	protein_coding	161223631.0
sp|P02654|APOC1_HUMAN	P02654	APOC1_HUMAN	APOC1	83	91.6	1:Experimental evidence at protein level	Apolipoprotein C-I	P02654	ENSG00000130208	19	ensembl_havana	gene	44914247.0	44919349.0	.	+	.	ENSG00000130208	APOC1	protein_coding	44914247.0
sp|P02655|APOC2_HUMAN	P02655	APOC2_HUMAN	APOC2	101	79.2	1:Experimental evidence at protein level	Apolipoprotein C-II	P02655	ENSG00000234906	19	ensembl_havana	gene	44945971.0	44949566.0	.	+	.	ENSG00000234906	APOC2	protein_coding	44945971.0
sp|P02656|APOC3_HUMAN	P02656	APOC3_HUMAN	APOC3	99	93.9	1:Experimental evidence at protein level	Apolipoprotein C-III	P02656	ENSG00000110245	11	ensembl_havana	gene	116829706.0	116833072.0	.	+	.	ENSG00000110245	APOC3	protein_coding	116829706.0
sp|P02671|FIBA_HUMAN	P02671	FIBA_HUMAN	FGA	866	93.4	1:Experimental evidence at protein level	Fibrinogen alpha chain	P02671	ENSG00000171560	4	ensembl_havana	gene	154583128.0	154590745.0	.	-	.	ENSG00000171560	FGA	protein_coding	154590745.0
sp|P02675|FIBB_HUMAN	P02675	FIBB_HUMAN	FGB	491	96.5	1:Experimental evidence at protein level	Fibrinogen beta chain	P02675	ENSG00000171564	4	ensembl_havana	gene	154562956.0	154571086.0	.	+	.	ENSG00000171564	FGB	protein_coding	154562956.0
sp|P02679|FIBG_HUMAN	P02679	FIBG_HUMAN	FGG	453	94.9	1:Experimental evidence at protein level	Fibrinogen gamma chain	P02679	ENSG00000171557	4	ensembl_havana	gene	154604134.0	154612967.0	.	-	.	ENSG00000171557	FGG	protein_coding	154612967.0
sp|P02741|CRP_HUMAN	P02741	CRP_HUMAN	CRP	224	92.9	1:Experimental evidence at protein level	C-reactive protein	P02741	ENSG00000132693	1	ensembl_havana	gene	159712289.0	159714589.0	.	-	.	ENSG00000132693	CRP	protein_coding	159714589.0
sp|P02743|SAMP_HUMAN	P02743	SAMP_HUMAN	APCS	223	80.3	1:Experimental evidence at protein level	Serum amyloid P-component	P02743	ENSG00000132703	1	ensembl_havana	gene	159587826.0	159588865.0	.	+	.	ENSG00000132703	APCS	protein_coding	159587826.0
sp|P02745|C1QA_HUMAN	P02745	C1QA_HUMAN	C1QA	245	71.0	1:Experimental evidence at protein level	Complement C1q subcomponent subunit A	P02745	ENSG00000173372	1	ensembl_havana	gene	22636628.0	22639678.0	.	+	.	ENSG00000173372	C1QA	protein_coding	22636628.0
sp|P02746|C1QB_HUMAN	P02746	C1QB_HUMAN	C1QB	253	92.1	1:Experimental evidence at protein level	Complement C1q subcomponent subunit B	P02746	ENSG00000173369	1	ensembl_havana	gene	22652762.0	22661637.0	.	+	.	ENSG00000173369	C1QB	protein_coding	22652762.0
sp|P02747|C1QC_HUMAN	P02747	C1QC_HUMAN	C1QC	245	95.9	1:Experimental evidence at protein level	Complement C1q subcomponent subunit C	P02747	ENSG00000159189	1	ensembl_havana	gene	22643633.0	22648110.0	.	+	.	ENSG00000159189	C1QC	protein_coding	22643633.0
sp|P02748|CO9_HUMAN	P02748	CO9_HUMAN	C9	559	85.9	1:Experimental evidence at protein level	Complement component C9	P02748	ENSG00000113600	5	ensembl_havana	gene	39284140.0	39424868.0	.	-	.	ENSG00000113600	C9	protein_coding	39424868.0
sp|P02749|APOH_HUMAN	P02749	APOH_HUMAN	APOH	345	98.3	1:Experimental evidence at protein level	Beta-2-glycoprotein 1	P02749	ENSG00000091583	17	ensembl_havana	gene	66212033.0	66256525.0	.	-	.	ENSG00000091583	APOH	protein_coding	66256525.0
sp|P02750|A2GL_HUMAN	P02750	A2GL_HUMAN	LRG1	347	85.6	1:Experimental evidence at protein level	Leucine-rich alpha-2-glycoprotein	P02750	ENSG00000171236	19	ensembl_havana	gene	4536402.0	4540036.0	.	-	.	ENSG00000171236	LRG1	protein_coding	4540036.0
sp|P02751|FINC_HUMAN	P02751	FINC_HUMAN	FN1	2386	86.8	1:Experimental evidence at protein level	Fibronectin	P02751	ENSG00000115414	2	ensembl_havana	gene	215360440.0	215436073.0	.	-	.	ENSG00000115414	FN1	protein_coding	215436073.0
sp|P02753|RET4_HUMAN	P02753	RET4_HUMAN	RBP4	201	94.5	1:Experimental evidence at protein level	Retinol-binding protein 4	P02753	ENSG00000138207	10	ensembl_havana	gene	93591687.0	93601744.0	.	-	.	ENSG00000138207	RBP4	protein_coding	93601744.0
sp|P02760|AMBP_HUMAN	P02760	AMBP_HUMAN	AMBP	352	94.0	1:Experimental evidence at protein level	Protein AMBP	P02760	ENSG00000106927	9	ensembl_havana	gene	114060127.0	114078328.0	.	-	.	ENSG00000106927	AMBP	protein_coding	114078328.0
sp|P02763|A1AG1_HUMAN	P02763	A1AG1_HUMAN	ORM1	201	93.0	1:Experimental evidence at protein level	Alpha-1-acid glycoprotein 1	P02763	ENSG00000229314	9	ensembl_havana	gene	114323056.0	114326475.0	.	+	.	ENSG00000229314	ORM1	protein_coding	114323056.0
sp|P02765|FETUA_HUMAN	P02765	FETUA_HUMAN	AHSG	367	85.8	1:Experimental evidence at protein level	Alpha-2-HS-glycoprotein	P02765	ENSG00000145192	3	ensembl_havana	gene	186613060.0	186621318.0	.	+	.	ENSG00000145192	AHSG	protein_coding	186613060.0
sp|P02766|TTHY_HUMAN	P02766	TTHY_HUMAN	TTR	147	86.4	1:Experimental evidence at protein level	Transthyretin	P02766	ENSG00000118271	18	ensembl_havana	gene	31557010.0	31599021.0	.	+	.	ENSG00000118271	TTR	protein_coding	31557010.0
sp|P02768|ALBU_HUMAN	P02768	ALBU_HUMAN	ALB	609	96.1	1:Experimental evidence at protein level	Serum albumin	P02768	ENSG00000163631	4	ensembl_havana	gene	73397114.0	73421482.0	.	+	.	ENSG00000163631	ALB	protein_coding	73397114.0
sp|P02774|VTDB_HUMAN	P02774	VTDB_HUMAN	GC	474	94.3	1:Experimental evidence at protein level	Vitamin D-binding protein	P02774	ENSG00000145321	4	ensembl_havana	gene	71741696.0	71804041.0	.	-	.	ENSG00000145321	GC	protein_coding	71804041.0
sp|P02775|CXCL7_HUMAN	P02775	CXCL7_HUMAN	PPBP	128	52.3	1:Experimental evidence at protein level	Platelet basic protein	P02775	ENSG00000163736	4	ensembl_havana	gene	73986439.0	73988190.0	.	-	.	ENSG00000163736	PPBP	protein_coding	73988190.0
sp|P02776|PLF4_HUMAN	P02776	PLF4_HUMAN	PF4	101	76.2	1:Experimental evidence at protein level	Platelet factor 4	P02776	ENSG00000163737	4	ensembl_havana	gene	73980811.0	73982027.0	.	-	.	ENSG00000163737	PF4	protein_coding	73982027.0
sp|P02786|TFR1_HUMAN	P02786	TFR1_HUMAN	TFRC	760	69.9	1:Experimental evidence at protein level	Transferrin receptor protein 1	P02786	ENSG00000072274	3	ensembl_havana	gene	196027183.0	196082096.0	.	-	.	ENSG00000072274	TFRC	protein_coding	196082096.0
sp|P02787|TRFE_HUMAN	P02787	TRFE_HUMAN	TF	698	98.7	1:Experimental evidence at protein level	Serotransferrin	P02787	ENSG00000091513	3	ensembl_havana	gene	133746040.0	133796641.0	.	+	.	ENSG00000091513	TF	protein_coding	133746040.0
sp|P02790|HEMO_HUMAN	P02790	HEMO_HUMAN	HPX	462	94.2	1:Experimental evidence at protein level	Hemopexin	P02790	ENSG00000110169	11	ensembl_havana	gene	6431049.0	6442617.0	.	-	.	ENSG00000110169	HPX	protein_coding	6442617.0
sp|P03952|KLKB1_HUMAN	P03952	KLKB1_HUMAN	KLKB1	638	91.7	1:Experimental evidence at protein level	Plasma kallikrein	P03952	ENSG00000164344	4	ensembl_havana	gene	186208979.0	186258471.0	.	+	.	ENSG00000164344	KLKB1	protein_coding	186208979.0
sp|P04003|C4BPA_HUMAN	P04003	C4BPA_HUMAN	C4BPA	597	93.0	1:Experimental evidence at protein level	C4b-binding protein alpha chain	P04003	ENSG00000123838	1	ensembl_havana	gene	207104233.0	207144972.0	.	+	.	ENSG00000123838	C4BPA	protein_coding	207104233.0
sp|P04004|VTNC_HUMAN	P04004	VTNC_HUMAN	VTN	478	88.3	1:Experimental evidence at protein level	Vitronectin	P04004	ENSG00000109072	17	ensembl_havana	gene	28367284.0	28373091.0	.	-	.	ENSG00000109072	VTN	protein_coding	28373091.0
sp|P04070|PROC_HUMAN	P04070	PROC_HUMAN	PROC	461	78.5	1:Experimental evidence at protein level	Vitamin K-dependent protein C	P04070	ENSG00000115718	2	ensembl_havana	gene	127418427.0	127429246.0	.	+	.	ENSG00000115718	PROC	protein_coding	127418427.0
sp|P04075|ALDOA_HUMAN	P04075	ALDOA_HUMAN	ALDOA	364	86.3	1:Experimental evidence at protein level	Fructose-bisphosphate aldolase A	P04075	ENSG00000149925	16	ensembl_havana	gene	30064164.0	30070457.0	.	+	.	ENSG00000149925	ALDOA	protein_coding	30064164.0
sp|P04114|APOB_HUMAN	P04114	APOB_HUMAN	APOB	4563	95.9	1:Experimental evidence at protein level	Apolipoprotein B-100	P04114	ENSG00000084674	2	ensembl_havana	gene	21001429.0	21044073.0	.	-	.	ENSG00000084674	APOB	protein_coding	21044073.0
sp|P04196|HRG_HUMAN	P04196	HRG_HUMAN	HRG	525	79.8	1:Experimental evidence at protein level	Histidine-rich glycoprotein	P04196	ENSG00000113905	3	ensembl_havana	gene	186660216.0	186678234.0	.	+	.	ENSG00000113905	HRG	protein_coding	186660216.0
sp|P04217|A1BG_HUMAN	P04217	A1BG_HUMAN	A1BG	495	85.5	1:Experimental evidence at protein level	Alpha-1B-glycoprotein	P04217	ENSG00000121410	19	ensembl_havana	gene	58345178.0	58353492.0	.	-	.	ENSG00000121410	A1BG	protein_coding	58353492.0
sp|P04275|VWF_HUMAN	P04275	VWF_HUMAN	VWF	2813	76.6	1:Experimental evidence at protein level	von Willebrand factor	P04275	ENSG00000110799	12	ensembl_havana	gene	5948874.0	6124770.0	.	-	.	ENSG00000110799	VWF	protein_coding	6124770.0
sp|P04278|SHBG_HUMAN	P04278	SHBG_HUMAN	SHBG	402	82.3	1:Experimental evidence at protein level	Sex hormone-binding globulin	P04278	ENSG00000129214	17	ensembl_havana	gene	7613946.0	7633382.0	.	+	.	ENSG00000129214	SHBG	protein_coding	7613946.0
sp|P04406|G3P_HUMAN	P04406	G3P_HUMAN	GAPDH	335	88.7	1:Experimental evidence at protein level	Glyceraldehyde-3-phosphate dehydrogenase	P04406	ENSG00000111640	12	ensembl_havana	gene	6534512.0	6538374.0	.	+	.	ENSG00000111640	GAPDH	protein_coding	6534512.0
sp|P04433|KV311_HUMAN	P04433	KV311_HUMAN	IGKV3-11	115	75.7	1:Experimental evidence at protein level	Immunoglobulin kappa variable 3-11	P04433	ENSG00000241351	2	havana	gene	89027171.0	89027731.0	.	-	.	ENSG00000241351	IGKV3-11	IG_V_gene	89027731.0
sp|P04433|KV311_HUMAN	P04433	KV311_HUMAN	IGKV3-11	115	75.7	1:Experimental evidence at protein level	Immunoglobulin kappa variable 3-11	P04433	ENSG00000282823												
sp|P05109|S10A8_HUMAN	P05109	S10A8_HUMAN	S100A8	93	91.4	1:Experimental evidence at protein level	Protein S100-A8	P05109	ENSG00000143546	1	ensembl_havana	gene	153390032.0	153391073.0	.	-	.	ENSG00000143546	S100A8	protein_coding	153391073.0
sp|P05154|IPSP_HUMAN	P05154	IPSP_HUMAN	SERPINA5	406	82.0	1:Experimental evidence at protein level	Plasma serine protease inhibitor	P05154	ENSG00000188488	14	ensembl_havana	gene	94561442.0	94593118.0	.	+	.	ENSG00000188488	SERPINA5	protein_coding	94561442.0
sp|P05155|IC1_HUMAN	P05155	IC1_HUMAN	SERPING1	500	80.6	1:Experimental evidence at protein level	Plasma protease C1 inhibitor	P05155	ENSG00000149131	11	ensembl_havana	gene	57597387.0	57614848.0	.	+	.	ENSG00000149131	SERPING1	protein_coding	57597387.0
sp|P05156|CFAI_HUMAN	P05156	CFAI_HUMAN	CFI	583	84.4	1:Experimental evidence at protein level	Complement factor I	P05156	ENSG00000205403	4	ensembl_havana	gene	109740694.0	109802179.0	.	-	.	ENSG00000205403	CFI	protein_coding	109802179.0
sp|P05160|F13B_HUMAN	P05160	F13B_HUMAN	F13B	661	83.1	1:Experimental evidence at protein level	Coagulation factor XIII B chain	P05160	ENSG00000143278	1	ensembl_havana	gene	197038741.0	197067267.0	.	-	.	ENSG00000143278	F13B	protein_coding	197067267.0
sp|P05452|TETN_HUMAN	P05452	TETN_HUMAN	CLEC3B	202	82.2	1:Experimental evidence at protein level	Tetranectin	P05452	ENSG00000163815	3	ensembl_havana	gene	45001548.0	45036071.0	.	+	.	ENSG00000163815	CLEC3B	protein_coding	45001548.0
sp|P05543|THBG_HUMAN	P05543	THBG_HUMAN	SERPINA7	415	85.5	1:Experimental evidence at protein level	Thyroxine-binding globulin	P05543	ENSG00000123561	X	ensembl_havana	gene	106032435.0	106038727.0	.	-	.	ENSG00000123561	SERPINA7	protein_coding	106038727.0
sp|P05546|HEP2_HUMAN	P05546	HEP2_HUMAN	SERPIND1	499	94.8	1:Experimental evidence at protein level	Heparin cofactor 2	P05546	ENSG00000099937	22	ensembl_havana	gene	20774113.0	20787720.0	.	+	.	ENSG00000099937	SERPIND1	protein_coding	20774113.0
sp|P06312|KV401_HUMAN	P06312	KV401_HUMAN	IGKV4-1	121	90.1	1:Experimental evidence at protein level	Immunoglobulin kappa variable 4-1	P06312	ENSG00000211598	2	ensembl_havana	gene	88885397.0	88886153.0	.	+	.	ENSG00000211598	IGKV4-1	IG_V_gene	88885397.0
sp|P06331|HV434_HUMAN	P06331	HV434_HUMAN	IGHV4-34	123	69.1	1:Experimental evidence at protein level	Immunoglobulin heavy variable 4-34	P06331	ENSG00000276491												
sp|P06331|HV434_HUMAN	P06331	HV434_HUMAN	IGHV4-34	123	69.1	1:Experimental evidence at protein level	Immunoglobulin heavy variable 4-34	P06331	ENSG00000211956	14	ensembl_havana	gene	106373663.0	106374145.0	.	-	.	ENSG00000211956	IGHV4-34	IG_V_gene	106374145.0
sp|P06396|GELS_HUMAN	P06396	GELS_HUMAN	GSN	782	91.2	1:Experimental evidence at protein level	Gelsolin	P06396	ENSG00000148180	9	ensembl_havana	gene	121207794.0	121332843.0	.	+	.	ENSG00000148180	GSN	protein_coding	121207794.0
sp|P06681|CO2_HUMAN	P06681	CO2_HUMAN	C2	752	86.8	1:Experimental evidence at protein level	Complement C2	P06681	ENSG00000204364												
sp|P06681|CO2_HUMAN	P06681	CO2_HUMAN	C2	752	86.8	1:Experimental evidence at protein level	Complement C2	P06681	ENSG00000235017												
sp|P06681|CO2_HUMAN	P06681	CO2_HUMAN	C2	752	86.8	1:Experimental evidence at protein level	Complement C2	P06681	ENSG00000231543												
sp|P06681|CO2_HUMAN	P06681	CO2_HUMAN	C2	752	86.8	1:Experimental evidence at protein level	Complement C2	P06681	ENSG00000235696												
sp|P06681|CO2_HUMAN	P06681	CO2_HUMAN	C2	752	86.8	1:Experimental evidence at protein level	Complement C2	P06681	ENSG00000206372												
sp|P06681|CO2_HUMAN	P06681	CO2_HUMAN	C2	752	86.8	1:Experimental evidence at protein level	Complement C2	P06681	ENSG00000226560												
sp|P06681|CO2_HUMAN	P06681	CO2_HUMAN	C2	752	86.8	1:Experimental evidence at protein level	Complement C2	P06681	ENSG00000166278	6	ensembl_havana	gene	31897785.0	31945672.0	.	+	.	ENSG00000166278	C2	protein_coding	31897785.0
sp|P06702|S10A9_HUMAN	P06702	S10A9_HUMAN	S100A9	114	99.1	1:Experimental evidence at protein level	Protein S100-A9	P06702	ENSG00000163220	1	ensembl_havana	gene	153357854.0	153361023.0	.	+	.	ENSG00000163220	S100A9	protein_coding	153357854.0
sp|P06727|APOA4_HUMAN	P06727	APOA4_HUMAN	APOA4	396	98.7	1:Experimental evidence at protein level	Apolipoprotein A-IV	P06727	ENSG00000110244	11	ensembl_havana	gene	116820700.0	116823304.0	.	-	.	ENSG00000110244	APOA4	protein_coding	116823304.0
sp|P07195|LDHB_HUMAN	P07195	LDHB_HUMAN	LDHB	334	72.5	1:Experimental evidence at protein level	L-lactate dehydrogenase B chain	P07195	ENSG00000111716	12	ensembl_havana	gene	21635342.0	21757857.0	.	-	.	ENSG00000111716	LDHB	polymorphic_pseudogene	21757857.0
sp|P07225|PROS_HUMAN	P07225	PROS_HUMAN	PROS1	676	84.6	1:Experimental evidence at protein level	Vitamin K-dependent protein S	P07225	ENSG00000184500	3	ensembl_havana	gene	93873051.0	93980003.0	.	-	.	ENSG00000184500	PROS1	protein_coding	93980003.0
sp|P07357|CO8A_HUMAN	P07357	CO8A_HUMAN	C8A	584	86.8	1:Experimental evidence at protein level	Complement component C8 alpha chain	P07357	ENSG00000157131	1	ensembl_havana	gene	56854797.0	56918223.0	.	+	.	ENSG00000157131	C8A	protein_coding	56854797.0
sp|P07358|CO8B_HUMAN	P07358	CO8B_HUMAN	C8B	591	86.0	1:Experimental evidence at protein level	Complement component C8 beta chain	P07358	ENSG00000021852	1	ensembl_havana	gene	56929207.0	56966140.0	.	-	.	ENSG00000021852	C8B	protein_coding	56966140.0
sp|P07359|GP1BA_HUMAN	P07359	GP1BA_HUMAN	GP1BA	652	48.5	1:Experimental evidence at protein level	Platelet glycoprotein Ib alpha chain	P07359	ENSG00000185245	17	ensembl_havana	gene	4932277.0	4935023.0	.	+	.	ENSG00000185245	GP1BA	protein_coding	4932277.0
sp|P07360|CO8G_HUMAN	P07360	CO8G_HUMAN	C8G	202	91.1	1:Experimental evidence at protein level	Complement component C8 gamma chain	P07360	ENSG00000176919	9	ensembl_havana	gene	136945185.0	136946975.0	.	+	.	ENSG00000176919	C8G	protein_coding	136945185.0
sp|P07477|TRY1_HUMAN	P07477	TRY1_HUMAN	PRSS1	247	80.2	1:Experimental evidence at protein level	Trypsin-1	P07477	ENSG00000204983	7	ensembl_havana	gene	142749468.0	142753076.0	.	+	.	ENSG00000204983	PRSS1	protein_coding	142749468.0
sp|P07477|TRY1_HUMAN	P07477	TRY1_HUMAN	PRSS1	247	80.2	1:Experimental evidence at protein level	Trypsin-1	P07477	ENSG00000274247												
sp|P07737|PROF1_HUMAN	P07737	PROF1_HUMAN	PFN1	140	92.1	1:Experimental evidence at protein level	Profilin-1	P07737	ENSG00000108518	17	ensembl_havana	gene	4945652.0	4949061.0	.	-	.	ENSG00000108518	PFN1	protein_coding	4949061.0
sp|P08123|CO1A2_HUMAN	P08123	CO1A2_HUMAN	COL1A2	1366	74.2	1:Experimental evidence at protein level	Collagen alpha-2(I) chain	P08123	ENSG00000164692	7	ensembl_havana	gene	94394895.0	94431227.0	.	+	.	ENSG00000164692	COL1A2	protein_coding	94394895.0
sp|P08185|CBG_HUMAN	P08185	CBG_HUMAN	SERPINA6	405	92.8	1:Experimental evidence at protein level	Corticosteroid-binding globulin	P08185	ENSG00000170099	14	ensembl_havana	gene	94304248.0	94323389.0	.	-	.	ENSG00000170099	SERPINA6	protein_coding	94323389.0
sp|P08185|CBG_HUMAN	P08185	CBG_HUMAN	SERPINA6	405	92.8	1:Experimental evidence at protein level	Corticosteroid-binding globulin	P08185	ENSG00000277405												
sp|P08253|MMP2_HUMAN	P08253	MMP2_HUMAN	MMP2	660	82.3	1:Experimental evidence at protein level	72 kDa type IV collagenase	P08253	ENSG00000087245	16	ensembl_havana	gene	55389700.0	55506691.0	.	+	.	ENSG00000087245	MMP2	protein_coding	55389700.0
sp|P08571|CD14_HUMAN	P08571	CD14_HUMAN	CD14	375	76.5	1:Experimental evidence at protein level	Monocyte differentiation antigen CD14	P08571	ENSG00000170458	5	ensembl_havana	gene	140631728.0	140633701.0	.	-	.	ENSG00000170458	CD14	protein_coding	140633701.0
sp|P08603|CFAH_HUMAN	P08603	CFAH_HUMAN	CFH	1231	89.3	1:Experimental evidence at protein level	Complement factor H	P08603	ENSG00000000971	1	ensembl_havana	gene	196652043.0	196747504.0	.	+	.	ENSG00000000971	CFH	protein_coding	196652043.0
sp|P08697|A2AP_HUMAN	P08697	A2AP_HUMAN	SERPINF2	491	88.8	1:Experimental evidence at protein level	Alpha-2-antiplasmin	P08697	ENSG00000167711	17	ensembl_havana	gene	1742836.0	1755268.0	.	+	.	ENSG00000167711	SERPINF2	protein_coding	1742836.0
sp|P08697|A2AP_HUMAN	P08697	A2AP_HUMAN	SERPINF2	491	88.8	1:Experimental evidence at protein level	Alpha-2-antiplasmin	P08697	ENSG00000276838												
sp|P08709|FA7_HUMAN	P08709	FA7_HUMAN	F7	466	61.6	1:Experimental evidence at protein level	Coagulation factor VII	P08709	ENSG00000057593	13	ensembl_havana	gene	113105788.0	113120681.0	.	+	.	ENSG00000057593	F7	protein_coding	113105788.0
sp|P09871|C1S_HUMAN	P09871	C1S_HUMAN	C1S	688	90.0	1:Experimental evidence at protein level	Complement C1s subcomponent	P09871	ENSG00000182326	12	ensembl_havana	gene	6988259.0	7071032.0	.	+	.	ENSG00000182326	C1S	protein_coding	6988259.0
sp|P0C0L4|CO4A_HUMAN	P0C0L4	CO4A_HUMAN	C4A	1744	95.9	1:Experimental evidence at protein level	Complement C4-A	P0C0L4	ENSG00000244731	6	ensembl_havana	gene	31982057.0	32002681.0	.	+	.	ENSG00000244731	C4A	protein_coding	31982057.0
sp|P0C0L4|CO4A_HUMAN	P0C0L4	CO4A_HUMAN	C4A	1744	95.9	1:Experimental evidence at protein level	Complement C4-A	P0C0L4	ENSG00000206340												
sp|P0C0L4|CO4A_HUMAN	P0C0L4	CO4A_HUMAN	C4A	1744	95.9	1:Experimental evidence at protein level	Complement C4-A	P0C0L4	ENSG00000227746												
sp|P0C0L5|CO4B_HUMAN	P0C0L5	CO4B_HUMAN	C4B	1744	93.9	1:Experimental evidence at protein level	Complement C4-B	P0C0L5	ENSG00000228267												
sp|P0C0L5|CO4B_HUMAN	P0C0L5	CO4B_HUMAN	C4B	1744	93.9	1:Experimental evidence at protein level	Complement C4-B	P0C0L5	ENSG00000236625												
sp|P0C0L5|CO4B_HUMAN	P0C0L5	CO4B_HUMAN	C4B	1744	93.9	1:Experimental evidence at protein level	Complement C4-B	P0C0L5	ENSG00000224389	6	ensembl_havana	gene	32014795.0	32035418.0	.	+	.	ENSG00000224389	C4B	protein_coding	32014795.0
sp|P0C0L5|CO4B_HUMAN	P0C0L5	CO4B_HUMAN	C4B	1744	93.9	1:Experimental evidence at protein level	Complement C4-B	P0C0L5	ENSG00000228454												
sp|P0C0L5|CO4B_HUMAN	P0C0L5	CO4B_HUMAN	C4B	1744	93.9	1:Experimental evidence at protein level	Complement C4-B	P0C0L5	ENSG00000233312												
sp|P0DJI8|SAA1_HUMAN	P0DJI8	SAA1_HUMAN	SAA1	122	85.2	1:Experimental evidence at protein level	Serum amyloid A-1 protein	P0DJI8	ENSG00000173432	11	ensembl_havana	gene	18266260.0	18269977.0	.	+	.	ENSG00000173432	SAA1	protein_coding	18266260.0
sp|P0DJI9|SAA2_HUMAN	P0DJI9	SAA2_HUMAN	SAA2	122	96.7	1:Experimental evidence at protein level	Serum amyloid A-2 protein	P0DJI9	ENSG00000134339	11	ensembl_havana	gene	18239223.0	18248643.0	.	-	.	ENSG00000134339	SAA2	protein_coding	18248643.0
sp|P0DOY2|IGLC2_HUMAN	P0DOY2	IGLC2_HUMAN	IGLC2	106	96.2	1:Experimental evidence at protein level	Immunoglobulin lambda constant 2	P0DOY2	ENSG00000211677	22	havana	gene	22900976.0	22901437.0	.	+	.	ENSG00000211677	IGLC2	IG_C_gene	22900976.0
sp|P10643|CO7_HUMAN	P10643	CO7_HUMAN	C7	843	88.1	1:Experimental evidence at protein level	Complement component C7	P10643	ENSG00000112936	5	ensembl_havana	gene	40909497.0	40984643.0	.	+	.	ENSG00000112936	C7	protein_coding	40909497.0
sp|P10909|CLUS_HUMAN	P10909	CLUS_HUMAN	CLU	449	94.7	1:Experimental evidence at protein level	Clusterin	P10909	ENSG00000120885	8	ensembl_havana	gene	27596917.0	27614700.0	.	-	.	ENSG00000120885	CLU	protein_coding	27614700.0
sp|P11309|PIM1_HUMAN	P11309	PIM1_HUMAN	PIM1	313	38.0	1:Experimental evidence at protein level	Serine/threonine-protein kinase pim-1	P11309	ENSG00000137193	6	ensembl_havana	gene	37170152.0	37175428.0	.	+	.	ENSG00000137193	PIM1	protein_coding	37170152.0
sp|P12109|CO6A1_HUMAN	P12109	CO6A1_HUMAN	COL6A1	1028	63.8	1:Experimental evidence at protein level	Collagen alpha-1(VI) chain	P12109	ENSG00000142156	21	ensembl_havana	gene	45981769.0	46005050.0	.	+	.	ENSG00000142156	COL6A1	protein_coding	45981769.0
sp|P12259|FA5_HUMAN	P12259	FA5_HUMAN	F5	2224	62.7	1:Experimental evidence at protein level	Coagulation factor V	P12259	ENSG00000198734	1	ensembl_havana	gene	169511951.0	169586588.0	.	-	.	ENSG00000198734	F5	protein_coding	169586588.0
sp|P12814|ACTN1_HUMAN	P12814	ACTN1_HUMAN	ACTN1	892	80.0	1:Experimental evidence at protein level	Alpha-actinin-1	P12814	ENSG00000072110	14	ensembl_havana	gene	68874143.0	68979440.0	.	-	.	ENSG00000072110	ACTN1	protein_coding	68979440.0
sp|P13671|CO6_HUMAN	P13671	CO6_HUMAN	C6	934	83.8	1:Experimental evidence at protein level	Complement component C6	P13671	ENSG00000039537	5	ensembl_havana	gene	41142234.0	41261438.0	.	-	.	ENSG00000039537	C6	protein_coding	41261438.0
sp|P13765|DOB_HUMAN	P13765	DOB_HUMAN	HLA-DOB	273	55.7	1:Experimental evidence at protein level	HLA class II histocompatibility antigen, DO beta chain	P13765	ENSG00000243612												
sp|P13765|DOB_HUMAN	P13765	DOB_HUMAN	HLA-DOB	273	55.7	1:Experimental evidence at protein level	HLA class II histocompatibility antigen, DO beta chain	P13765	ENSG00000241106	6	ensembl_havana	gene	32812763.0	32820466.0	.	-	.	ENSG00000241106	HLA-DOB	protein_coding	32820466.0
sp|P13765|DOB_HUMAN	P13765	DOB_HUMAN	HLA-DOB	273	55.7	1:Experimental evidence at protein level	HLA class II histocompatibility antigen, DO beta chain	P13765	ENSG00000239457												
sp|P13765|DOB_HUMAN	P13765	DOB_HUMAN	HLA-DOB	273	55.7	1:Experimental evidence at protein level	HLA class II histocompatibility antigen, DO beta chain	P13765	ENSG00000241910												
sp|P13765|DOB_HUMAN	P13765	DOB_HUMAN	HLA-DOB	273	55.7	1:Experimental evidence at protein level	HLA class II histocompatibility antigen, DO beta chain	P13765	ENSG00000243496												
sp|P13765|DOB_HUMAN	P13765	DOB_HUMAN	HLA-DOB	273	55.7	1:Experimental evidence at protein level	HLA class II histocompatibility antigen, DO beta chain	P13765	ENSG00000241386												
sp|P13796|PLSL_HUMAN	P13796	PLSL_HUMAN	LCP1	627	86.1	1:Experimental evidence at protein level	Plastin-2	P13796	ENSG00000136167	13	ensembl_havana	gene	46125920.0	46211871.0	.	-	.	ENSG00000136167	LCP1	protein_coding	46211871.0
sp|P14151|LYAM1_HUMAN	P14151	LYAM1_HUMAN	SELL	372	48.1	1:Experimental evidence at protein level	L-selectin	P14151	ENSG00000188404	1	ensembl_havana	gene	169690665.0	169711702.0	.	-	.	ENSG00000188404	SELL	protein_coding	169711702.0
sp|P15169|CBPN_HUMAN	P15169	CBPN_HUMAN	CPN1	458	94.8	1:Experimental evidence at protein level	Carboxypeptidase N catalytic chain	P15169	ENSG00000120054	10	ensembl_havana	gene	100042193.0	100081869.0	.	-	.	ENSG00000120054	CPN1	protein_coding	100081869.0
sp|P15291|B4GT1_HUMAN	P15291	B4GT1_HUMAN	B4GALT1	398	59.3	1:Experimental evidence at protein level	Beta-1,4-galactosyltransferase 1	P15291	ENSG00000086062	9	ensembl_havana	gene	33104082.0	33167356.0	.	-	.	ENSG00000086062	B4GALT1	protein_coding	33167356.0
sp|P15814|IGLL1_HUMAN	P15814	IGLL1_HUMAN	IGLL1	213	56.8	1:Experimental evidence at protein level	Immunoglobulin lambda-like polypeptide 1	P15814	ENSG00000128322	22	ensembl_havana	gene	23573125.0	23580302.0	.	-	.	ENSG00000128322	IGLL1	protein_coding	23580302.0
sp|P16070|CD44_HUMAN	P16070	CD44_HUMAN	CD44	742	69.7	1:Experimental evidence at protein level	CD44 antigen	P16070	ENSG00000026508	11	ensembl_havana	gene	35138870.0	35232402.0	.	+	.	ENSG00000026508	CD44	protein_coding	35138870.0
sp|P17010|ZFX_HUMAN	P17010	ZFX_HUMAN	ZFX	805	48.9	2:Experimental evidence at transcript level	Zinc finger X-chromosomal protein	P17010	ENSG00000005889	X	ensembl_havana	gene	24149173.0	24216255.0	.	+	.	ENSG00000005889	ZFX	protein_coding	24149173.0
sp|P17936|IBP3_HUMAN	P17936	IBP3_HUMAN	IGFBP3	291	64.9	1:Experimental evidence at protein level	Insulin-like growth factor-binding protein 3	P17936	ENSG00000146674	7	ensembl_havana	gene	45912245.0	45921874.0	.	-	.	ENSG00000146674	IGFBP3	protein_coding	45921874.0
sp|P18065|IBP2_HUMAN	P18065	IBP2_HUMAN	IGFBP2	325	66.5	1:Experimental evidence at protein level	Insulin-like growth factor-binding protein 2	P18065	ENSG00000115457	2	ensembl_havana	gene	216632828.0	216664436.0	.	+	.	ENSG00000115457	IGFBP2	protein_coding	216632828.0
sp|P18206|VINC_HUMAN	P18206	VINC_HUMAN	VCL	1134	75.5	1:Experimental evidence at protein level	Vinculin	P18206	ENSG00000035403	10	ensembl_havana	gene	73995193.0	74121363.0	.	+	.	ENSG00000035403	VCL	protein_coding	73995193.0
sp|P18428|LBP_HUMAN	P18428	LBP_HUMAN	LBP	481	75.5	1:Experimental evidence at protein level	Lipopolysaccharide-binding protein	P18428	ENSG00000129988	20	ensembl_havana	gene	38346482.0	38377013.0	.	+	.	ENSG00000129988	LBP	protein_coding	38346482.0
sp|P19320|VCAM1_HUMAN	P19320	VCAM1_HUMAN	VCAM1	739	75.2	1:Experimental evidence at protein level	Vascular cell adhesion protein 1	P19320	ENSG00000162692	1	ensembl_havana	gene	100719742.0	100739045.0	.	+	.	ENSG00000162692	VCAM1	protein_coding	100719742.0
sp|P19652|A1AG2_HUMAN	P19652	A1AG2_HUMAN	ORM2	201	92.5	1:Experimental evidence at protein level	Alpha-1-acid glycoprotein 2	P19652	ENSG00000228278	9	ensembl_havana	gene	114329869.0	114333256.0	.	+	.	ENSG00000228278	ORM2	protein_coding	114329869.0
sp|P19823|ITIH2_HUMAN	P19823	ITIH2_HUMAN	ITIH2	946	78.2	1:Experimental evidence at protein level	Inter-alpha-trypsin inhibitor heavy chain H2	P19823	ENSG00000151655	10	ensembl_havana	gene	7703316.0	7749520.0	.	+	.	ENSG00000151655	ITIH2	protein_coding	7703316.0
sp|P19827|ITIH1_HUMAN	P19827	ITIH1_HUMAN	ITIH1	911	85.9	1:Experimental evidence at protein level	Inter-alpha-trypsin inhibitor heavy chain H1	P19827	ENSG00000055957	3	ensembl_havana	gene	52777595.0	52792068.0	.	+	.	ENSG00000055957	ITIH1	protein_coding	52777595.0
sp|P20851|C4BPB_HUMAN	P20851	C4BPB_HUMAN	C4BPB	252	61.5	1:Experimental evidence at protein level	C4b-binding protein beta chain	P20851	ENSG00000123843	1	ensembl_havana	gene	207088860.0	207099993.0	.	+	.	ENSG00000123843	C4BPB	protein_coding	207088860.0
sp|P21673|SAT1_HUMAN	P21673	SAT1_HUMAN	SAT1	171	69.0	1:Experimental evidence at protein level	Diamine acetyltransferase 1	P21673	ENSG00000130066	X	ensembl_havana	gene	23783173.0	23786226.0	.	+	.	ENSG00000130066	SAT1	protein_coding	23783173.0
sp|P22352|GPX3_HUMAN	P22352	GPX3_HUMAN	GPX3	226	70.4	1:Experimental evidence at protein level	Glutathione peroxidase 3	P22352	ENSG00000211445	5	ensembl_havana	gene	151020438.0	151028992.0	.	+	.	ENSG00000211445	GPX3	protein_coding	151020438.0
sp|P22792|CPN2_HUMAN	P22792	CPN2_HUMAN	CPN2	545	68.6	1:Experimental evidence at protein level	Carboxypeptidase N subunit 2	P22792	ENSG00000178772	3	ensembl_havana	gene	194339768.0	194351328.0	.	-	.	ENSG00000178772	CPN2	protein_coding	194351328.0
sp|P22891|PROZ_HUMAN	P22891	PROZ_HUMAN	PROZ	400	53.8	1:Experimental evidence at protein level	Vitamin K-dependent protein Z	P22891	ENSG00000126231	13	ensembl_havana	gene	113158648.0	113172386.0	.	+	.	ENSG00000126231	PROZ	protein_coding	113158648.0
sp|P23142|FBLN1_HUMAN	P23142	FBLN1_HUMAN	FBLN1	703	87.9	1:Experimental evidence at protein level	Fibulin-1	P23142	ENSG00000077942	22	ensembl_havana	gene	45502238.0	45601135.0	.	+	.	ENSG00000077942	FBLN1	protein_coding	45502238.0
sp|P23528|COF1_HUMAN	P23528	COF1_HUMAN	CFL1	166	78.9	1:Experimental evidence at protein level	Cofilin-1	P23528	ENSG00000172757	11	ensembl_havana	gene	65823022.0	65862026.0	.	-	.	ENSG00000172757	CFL1	protein_coding	65862026.0
sp|P24821|TENA_HUMAN	P24821	TENA_HUMAN	TNC	2201	69.9	1:Experimental evidence at protein level	Tenascin	P24821	ENSG00000041982	9	ensembl_havana	gene	115019575.0	115118257.0	.	-	.	ENSG00000041982	TNC	protein_coding	115118257.0
sp|P25311|ZA2G_HUMAN	P25311	ZA2G_HUMAN	AZGP1	298	81.9	1:Experimental evidence at protein level	Zinc-alpha-2-glycoprotein	P25311	ENSG00000160862	7	ensembl_havana	gene	99966720.0	99976042.0	.	-	.	ENSG00000160862	AZGP1	protein_coding	99976042.0
sp|P26927|HGFL_HUMAN	P26927	HGFL_HUMAN	MST1	711	73.4	1:Experimental evidence at protein level	Hepatocyte growth factor-like protein	P26927	ENSG00000173531	3	ensembl_havana	gene	49683947.0	49689501.0	.	-	.	ENSG00000173531	MST1	protein_coding	49689501.0
sp|P27169|PON1_HUMAN	P27169	PON1_HUMAN	PON1	355	95.5	1:Experimental evidence at protein level	Serum paraoxonase/arylesterase 1	P27169	ENSG00000005421	7	ensembl_havana	gene	95297676.0	95324532.0	.	-	.	ENSG00000005421	PON1	protein_coding	95324532.0
sp|P27918|PROP_HUMAN	P27918	PROP_HUMAN	CFP	469	82.3	1:Experimental evidence at protein level	Properdin	P27918	ENSG00000126759	X	ensembl_havana	gene	47623172.0	47630305.0	.	-	.	ENSG00000126759	CFP	protein_coding	47630305.0
sp|P29622|KAIN_HUMAN	P29622	KAIN_HUMAN	SERPINA4	427	80.3	1:Experimental evidence at protein level	Kallistatin	P29622	ENSG00000100665	14	ensembl_havana	gene	94561442.0	94569913.0	.	+	.	ENSG00000100665	SERPINA4	protein_coding	94561442.0
sp|P33908|MA1A1_HUMAN	P33908	MA1A1_HUMAN	MAN1A1	653	83.8	1:Experimental evidence at protein level	Mannosyl-oligosaccharide 1,2-alpha-mannosidase IA	P33908	ENSG00000111885	6	ensembl_havana	gene	119177205.0	119349761.0	.	-	.	ENSG00000111885	MAN1A1	protein_coding	119349761.0
sp|P35542|SAA4_HUMAN	P35542	SAA4_HUMAN	SAA4	130	96.9	1:Experimental evidence at protein level	Serum amyloid A-4 protein	P35542	ENSG00000148965	11	ensembl_havana	gene	18231355.0	18236802.0	.	-	.	ENSG00000148965	SAA4	protein_coding	18236802.0
sp|P35858|ALS_HUMAN	P35858	ALS_HUMAN	IGFALS	605	80.5	1:Experimental evidence at protein level	Insulin-like growth factor-binding protein complex acid labile subunit	P35858	ENSG00000099769	16	ensembl_havana	gene	1790413.0	1794971.0	.	-	.	ENSG00000099769	IGFALS	protein_coding	1794971.0
sp|P36955|PEDF_HUMAN	P36955	PEDF_HUMAN	SERPINF1	418	93.5	1:Experimental evidence at protein level	Pigment epithelium-derived factor	P36955	ENSG00000132386	17	ensembl_havana	gene	1762029.0	1777565.0	.	+	.	ENSG00000132386	SERPINF1	protein_coding	1762029.0
sp|P37802|TAGL2_HUMAN	P37802	TAGL2_HUMAN	TAGLN2	199	83.9	1:Experimental evidence at protein level	Transgelin-2	P37802	ENSG00000158710	1	ensembl_havana	gene	159918107.0	159925732.0	.	-	.	ENSG00000158710	TAGLN2	protein_coding	159925732.0
sp|P41222|PTGDS_HUMAN	P41222	PTGDS_HUMAN	PTGDS	190	76.3	1:Experimental evidence at protein level	Prostaglandin-H2 D-isomerase	P41222	ENSG00000107317	9	ensembl_havana	gene	136975092.0	136981742.0	.	+	.	ENSG00000107317	PTGDS	protein_coding	136975092.0
sp|P41250|GARS_HUMAN	P41250	GARS_HUMAN	GARS	739	60.2	1:Experimental evidence at protein level	Glycine--tRNA ligase	P41250	ENSG00000106105	7	ensembl_havana	gene	30594838.0	30634033.0	.	+	.	ENSG00000106105	GARS1	protein_coding	30594838.0
sp|P41970|ELK3_HUMAN	P41970	ELK3_HUMAN	ELK3	407	34.2	1:Experimental evidence at protein level	ETS domain-containing protein Elk-3	P41970	ENSG00000111145	12	ensembl_havana	gene	96194375.0	96269824.0	.	+	.	ENSG00000111145	ELK3	protein_coding	96194375.0
sp|P43251|BTD_HUMAN	P43251	BTD_HUMAN	BTD	543	79.4	1:Experimental evidence at protein level	Biotinidase	P43251	ENSG00000169814	3	ensembl_havana	gene	15601341.0	15722311.0	.	+	.	ENSG00000169814	BTD	protein_coding	15601341.0
sp|P43652|AFAM_HUMAN	P43652	AFAM_HUMAN	AFM	599	90.8	1:Experimental evidence at protein level	Afamin	P43652	ENSG00000079557	4	ensembl_havana	gene	73481745.0	73504001.0	.	+	.	ENSG00000079557	AFM	protein_coding	73481745.0
sp|P50851|LRBA_HUMAN	P50851	LRBA_HUMAN	LRBA	2863	54.2	1:Experimental evidence at protein level	Lipopolysaccharide-responsive and beige-like anchor protein	P50851	ENSG00000198589	4	ensembl_havana	gene	150264435.0	151015727.0	.	-	.	ENSG00000198589	LRBA	protein_coding	151015727.0
sp|P51159|RB27A_HUMAN	P51159	RB27A_HUMAN	RAB27A	221	58.8	1:Experimental evidence at protein level	Ras-related protein Rab-27A	P51159	ENSG00000069974	15	ensembl_havana	gene	55202966.0	55319113.0	.	-	.	ENSG00000069974	RAB27A	protein_coding	55319113.0
sp|P51884|LUM_HUMAN	P51884	LUM_HUMAN	LUM	338	75.1	1:Experimental evidence at protein level	Lumican	P51884	ENSG00000139329	12	ensembl_havana	gene	91102629.0	91111494.0	.	-	.	ENSG00000139329	LUM	protein_coding	91111494.0
sp|P55056|APOC4_HUMAN	P55056	APOC4_HUMAN	APOC4	127	72.4	1:Experimental evidence at protein level	Apolipoprotein C-IV	P55056	ENSG00000267467	19	ensembl_havana	gene	44942237.0	44945496.0	.	+	.	ENSG00000267467	APOC4	protein_coding	44942237.0
sp|P55058|PLTP_HUMAN	P55058	PLTP_HUMAN	PLTP	493	68.2	1:Experimental evidence at protein level	Phospholipid transfer protein	P55058	ENSG00000100979	20	ensembl_havana	gene	45898621.0	45912155.0	.	-	.	ENSG00000100979	PLTP	protein_coding	45912155.0
sp|P55103|INHBC_HUMAN	P55103	INHBC_HUMAN	INHBC	352	48.0	2:Experimental evidence at transcript level	Inhibin beta C chain	P55103	ENSG00000175189	12	ensembl_havana	gene	57434784.0	57452062.0	.	+	.	ENSG00000175189	INHBC	protein_coding	57434784.0
sp|P55957|BID_HUMAN	P55957	BID_HUMAN	BID	195	54.9	1:Experimental evidence at protein level	BH3-interacting domain death agonist	P55957	ENSG00000015475	22	ensembl_havana	gene	17734138.0	17774770.0	.	-	.	ENSG00000015475	BID	protein_coding	17774770.0
sp|P59665|DEF1_HUMAN	P59665	DEF1_HUMAN	DEFA1	94	80.9	1:Experimental evidence at protein level	Neutrophil defensin 1	P59665	ENSG00000284983												
sp|P59665|DEF1_HUMAN	P59665	DEF1_HUMAN	DEFA1	94	80.9	1:Experimental evidence at protein level	Neutrophil defensin 1	P59665	ENSG00000206047	8	ensembl_havana	gene	6977649.0	6980080.0	.	-	.	ENSG00000206047	DEFA1	protein_coding	6980080.0
sp|P59665|DEF1_HUMAN	P59665	DEF1_HUMAN	DEFA1	94	80.9	1:Experimental evidence at protein level	Neutrophil defensin 1	P59665	ENSG00000240247	8	ensembl_havana	gene	6996766.0	6999195.0	.	-	.	ENSG00000240247	DEFA1B	protein_coding	6999195.0
sp|P59665|DEF1_HUMAN	P59665	DEF1_HUMAN	DEFA1	94	80.9	1:Experimental evidence at protein level	Neutrophil defensin 1	P59665	ENSG00000285176												
sp|P60709|ACTB_HUMAN	P60709	ACTB_HUMAN	ACTB	375	95.7	1:Experimental evidence at protein level	Actin, cytoplasmic 1	P60709	ENSG00000075624	7	ensembl_havana	gene	5527148.0	5563784.0	.	-	.	ENSG00000075624	ACTB	protein_coding	5563784.0
sp|P61769|B2MG_HUMAN	P61769	B2MG_HUMAN	B2M	119	95.0	1:Experimental evidence at protein level	Beta-2-microglobulin	P61769	ENSG00000166710	15	ensembl_havana	gene	44711487.0	44718877.0	.	+	.	ENSG00000166710	B2M	protein_coding	44711487.0
sp|P61769|B2MG_HUMAN	P61769	B2MG_HUMAN	B2M	119	95.0	1:Experimental evidence at protein level	Beta-2-microglobulin	P61769	ENSG00000273686												
sp|P62241|RS8_HUMAN	P62241	RS8_HUMAN	RPS8	208	42.8	1:Experimental evidence at protein level	40S ribosomal protein S8	P62241	ENSG00000142937	1	ensembl_havana	gene	44775251.0	44778779.0	.	+	.	ENSG00000142937	RPS8	protein_coding	44775251.0
sp|P62258|1433E_HUMAN	P62258	1433E_HUMAN	YWHAE	255	77.3	1:Experimental evidence at protein level	14-3-3 protein epsilon	P62258	ENSG00000274474												
sp|P62258|1433E_HUMAN	P62258	1433E_HUMAN	YWHAE	255	77.3	1:Experimental evidence at protein level	14-3-3 protein epsilon	P62258	ENSG00000108953	17	ensembl_havana	gene	1344275.0	1400222.0	.	-	.	ENSG00000108953	YWHAE	protein_coding	1400222.0
sp|P62328|TYB4_HUMAN	P62328	TYB4_HUMAN	TMSB4X	44	93.2	1:Experimental evidence at protein level	Thymosin beta-4	P62328	ENSG00000205542	X	ensembl_havana	gene	12975110.0	12977227.0	.	+	.	ENSG00000205542	TMSB4X	protein_coding	12975110.0
sp|P63104|1433Z_HUMAN	P63104	1433Z_HUMAN	YWHAZ	245	90.6	1:Experimental evidence at protein level	14-3-3 protein zeta/delta	P63104	ENSG00000164924	8	ensembl_havana	gene	100916523.0	100953388.0	.	-	.	ENSG00000164924	YWHAZ	protein_coding	100953388.0
sp|P63261|ACTG_HUMAN	P63261	ACTG_HUMAN	ACTG1	375	95.7	1:Experimental evidence at protein level	Actin, cytoplasmic 2	P63261	ENSG00000184009	17	ensembl_havana	gene	81509971.0	81523847.0	.	-	.	ENSG00000184009	ACTG1	protein_coding	81523847.0
sp|P68032|ACTC_HUMAN	P68032	ACTC_HUMAN	ACTC1	377	93.6	1:Experimental evidence at protein level	Actin, alpha cardiac muscle 1	P68032	ENSG00000159251	15	ensembl_havana	gene	34790230.0	34795549.0	.	-	.	ENSG00000159251	ACTC1	protein_coding	34795549.0
sp|P68871|HBB_HUMAN	P68871	HBB_HUMAN	HBB	147	99.3	1:Experimental evidence at protein level	Hemoglobin subunit beta	P68871	ENSG00000244734	11	ensembl_havana	gene	5225464.0	5229395.0	.	-	.	ENSG00000244734	HBB	protein_coding	5229395.0
sp|P69905|HBA_HUMAN	P69905	HBA_HUMAN	HBA1	142	99.3	1:Experimental evidence at protein level	Hemoglobin subunit alpha	P69905	ENSG00000206172	16	ensembl_havana	gene	176680.0	177522.0	.	+	.	ENSG00000206172	HBA1	protein_coding	176680.0
sp|P69905|HBA_HUMAN	P69905	HBA_HUMAN	HBA1	142	99.3	1:Experimental evidence at protein level	Hemoglobin subunit alpha	P69905	ENSG00000188536	16	ensembl_havana	gene	172876.0	173710.0	.	+	.	ENSG00000188536	HBA2	protein_coding	172876.0
sp|P78559|MAP1A_HUMAN	P78559	MAP1A_HUMAN	MAP1A	2803	44.1	1:Experimental evidence at protein level	Microtubule-associated protein 1A	P78559	ENSG00000166963	15	ensembl_havana	gene	43510958.0	43531620.0	.	+	.	ENSG00000166963	MAP1A	protein_coding	43510958.0
sp|P80108|PHLD_HUMAN	P80108	PHLD_HUMAN	GPLD1	840	80.7	1:Experimental evidence at protein level	Phosphatidylinositol-glycan-specific phospholipase D	P80108	ENSG00000112293	6	ensembl_havana	gene	24424565.0	24495205.0	.	-	.	ENSG00000112293	GPLD1	protein_coding	24495205.0
sp|P80188|NGAL_HUMAN	P80188	NGAL_HUMAN	LCN2	198	67.2	1:Experimental evidence at protein level	Neutrophil gelatinase-associated lipocalin	P80188	ENSG00000148346	9	ensembl_havana	gene	128149071.0	128153453.0	.	+	.	ENSG00000148346	LCN2	protein_coding	128149071.0
sp|P80511|S10AC_HUMAN	P80511	S10AC_HUMAN	S100A12	92	81.5	1:Experimental evidence at protein level	Protein S100-A12	P80511	ENSG00000163221	1	ensembl_havana	gene	153373711.0	153375621.0	.	-	.	ENSG00000163221	S100A12	protein_coding	153375621.0
sp|P80748|LV321_HUMAN	P80748	LV321_HUMAN	IGLV3-21	117	81.2	1:Experimental evidence at protein level	Immunoglobulin lambda variable 3-21	P80748	ENSG00000211662	22	havana	gene	22711689.0	22713203.0	.	+	.	ENSG00000211662	IGLV3-21	IG_V_gene	22711689.0
sp|Q03591|FHR1_HUMAN	Q03591	FHR1_HUMAN	CFHR1	330	91.5	1:Experimental evidence at protein level	Complement factor H-related protein 1	Q03591	ENSG00000244414	1	ensembl_havana	gene	196819757.0	196832189.0	.	+	.	ENSG00000244414	CFHR1	protein_coding	196819757.0
sp|Q04756|HGFA_HUMAN	Q04756	HGFA_HUMAN	HGFAC	655	71.9	1:Experimental evidence at protein level	Hepatocyte growth factor activator	Q04756	ENSG00000109758	4	ensembl_havana	gene	3441887.0	3449495.0	.	+	.	ENSG00000109758	HGFAC	protein_coding	3441887.0
sp|Q05BQ5|MBTD1_HUMAN	Q05BQ5	MBTD1_HUMAN	MBTD1	628	46.5	1:Experimental evidence at protein level	MBT domain-containing protein 1	Q05BQ5	ENSG00000011258	17	ensembl_havana	gene	51177425.0	51260163.0	.	-	.	ENSG00000011258	MBTD1	protein_coding	51260163.0
sp|Q06033|ITIH3_HUMAN	Q06033	ITIH3_HUMAN	ITIH3	890	83.8	1:Experimental evidence at protein level	Inter-alpha-trypsin inhibitor heavy chain H3	Q06033	ENSG00000162267	3	ensembl_havana	gene	52794768.0	52809009.0	.	+	.	ENSG00000162267	ITIH3	protein_coding	52794768.0
sp|Q08380|LG3BP_HUMAN	Q08380	LG3BP_HUMAN	LGALS3BP	585	79.7	1:Experimental evidence at protein level	Galectin-3-binding protein	Q08380	ENSG00000108679	17	ensembl_havana	gene	78971238.0	78979947.0	.	-	.	ENSG00000108679	LGALS3BP	protein_coding	78979947.0
sp|Q08830|FGL1_HUMAN	Q08830	FGL1_HUMAN	FGL1	312	90.1	1:Experimental evidence at protein level	Fibrinogen-like protein 1	Q08830	ENSG00000104760	8	ensembl_havana	gene	17864380.0	17910365.0	.	-	.	ENSG00000104760	FGL1	protein_coding	17910365.0
sp|Q12756|KIF1A_HUMAN	Q12756	KIF1A_HUMAN	KIF1A	1690	52.6	1:Experimental evidence at protein level	Kinesin-like protein KIF1A	Q12756	ENSG00000130294	2	ensembl_havana	gene	240713761.0	240821036.0	.	-	.	ENSG00000130294	KIF1A	protein_coding	240821036.0
sp|Q13790|APOF_HUMAN	Q13790	APOF_HUMAN	APOF	326	62.6	1:Experimental evidence at protein level	Apolipoprotein F	Q13790	ENSG00000175336	12	ensembl_havana	gene	56360568.0	56362857.0	.	-	.	ENSG00000175336	APOF	protein_coding	56362857.0
sp|Q14207|NPAT_HUMAN	Q14207	NPAT_HUMAN	NPAT	1427	43.5	1:Experimental evidence at protein level	Protein NPAT	Q14207	ENSG00000149308	11	ensembl_havana	gene	108157215.0	108222638.0	.	-	.	ENSG00000149308	NPAT	protein_coding	108222638.0
sp|Q14520|HABP2_HUMAN	Q14520	HABP2_HUMAN	HABP2	560	77.5	1:Experimental evidence at protein level	Hyaluronan-binding protein 2	Q14520	ENSG00000148702	10	ensembl_havana	gene	113550837.0	113589602.0	.	+	.	ENSG00000148702	HABP2	protein_coding	113550837.0
sp|Q14624|ITIH4_HUMAN	Q14624	ITIH4_HUMAN	ITIH4	930	95.6	1:Experimental evidence at protein level	Inter-alpha-trypsin inhibitor heavy chain H4	Q14624	ENSG00000055955	3	ensembl_havana	gene	52812962.0	52830688.0	.	-	.	ENSG00000055955	ITIH4	protein_coding	52830688.0
sp|Q14749|GNMT_HUMAN	Q14749	GNMT_HUMAN	GNMT	295	65.1	1:Experimental evidence at protein level	Glycine N-methyltransferase	Q14749	ENSG00000124713	6	ensembl_havana	gene	42960754.0	42963880.0	.	+	.	ENSG00000124713	GNMT	protein_coding	42960754.0
sp|Q15413|RYR3_HUMAN	Q15413	RYR3_HUMAN	RYR3	4870	47.1	1:Experimental evidence at protein level	Ryanodine receptor 3	Q15413	ENSG00000198838	15	ensembl_havana	gene	33310945.0	33866121.0	.	+	.	ENSG00000198838	RYR3	protein_coding	33310945.0
sp|Q15424|SAFB1_HUMAN	Q15424	SAFB1_HUMAN	SAFB	915	59.0	1:Experimental evidence at protein level	Scaffold attachment factor B1	Q15424	ENSG00000160633	19	ensembl_havana	gene	5623035.0	5668478.0	.	+	.	ENSG00000160633	SAFB	protein_coding	5623035.0
sp|Q15485|FCN2_HUMAN	Q15485	FCN2_HUMAN	FCN2	313	68.7	1:Experimental evidence at protein level	Ficolin-2	Q15485	ENSG00000160339	9	ensembl_havana	gene	134880810.0	134887523.0	.	+	.	ENSG00000160339	FCN2	protein_coding	134880810.0
sp|Q15526|SURF1_HUMAN	Q15526	SURF1_HUMAN	SURF1	300	38.3	1:Experimental evidence at protein level	Surfeit locus protein 1	Q15526	ENSG00000148290	9	ensembl_havana	gene	133351758.0	133356676.0	.	-	.	ENSG00000148290	SURF1	protein_coding	133356676.0
sp|Q15526|SURF1_HUMAN	Q15526	SURF1_HUMAN	SURF1	300	38.3	1:Experimental evidence at protein level	Surfeit locus protein 1	Q15526	ENSG00000280627												
sp|Q15582|BGH3_HUMAN	Q15582	BGH3_HUMAN	TGFBI	683	74.8	1:Experimental evidence at protein level	Transforming growth factor-beta-induced protein ig-h3	Q15582	ENSG00000120708	5	ensembl_havana	gene	136028988.0	136063818.0	.	+	.	ENSG00000120708	TGFBI	protein_coding	136028988.0
sp|Q15848|ADIPO_HUMAN	Q15848	ADIPO_HUMAN	ADIPOQ	244	73.0	1:Experimental evidence at protein level	Adiponectin	Q15848	ENSG00000181092	3	ensembl_havana	gene	186842704.0	186858463.0	.	+	.	ENSG00000181092	ADIPOQ	protein_coding	186842704.0
sp|Q16610|ECM1_HUMAN	Q16610	ECM1_HUMAN	ECM1	540	83.5	1:Experimental evidence at protein level	Extracellular matrix protein 1	Q16610	ENSG00000143369	1	ensembl_havana	gene	150508062.0	150513789.0	.	+	.	ENSG00000143369	ECM1	protein_coding	150508062.0
sp|Q16651|PRSS8_HUMAN	Q16651	PRSS8_HUMAN	PRSS8	343	28.9	1:Experimental evidence at protein level	Prostasin	Q16651	ENSG00000052344	16	ensembl_havana	gene	31131433.0	31135727.0	.	-	.	ENSG00000052344	PRSS8	protein_coding	31135727.0
sp|Q2KHR2|RFX7_HUMAN	Q2KHR2	RFX7_HUMAN	RFX7	1363	47.2	1:Experimental evidence at protein level	DNA-binding protein RFX7	Q2KHR2	ENSG00000181827	15	ensembl_havana	gene	56087280.0	56245082.0	.	-	.	ENSG00000181827	RFX7	protein_coding	56245082.0
sp|Q2KHT3|CL16A_HUMAN	Q2KHT3	CL16A_HUMAN	CLEC16A	1053	43.4	1:Experimental evidence at protein level	Protein CLEC16A	Q2KHT3	ENSG00000038532	16	ensembl_havana	gene	10944564.0	11182186.0	.	+	.	ENSG00000038532	CLEC16A	protein_coding	10944564.0
sp|Q4V348|Z658B_HUMAN	Q4V348	Z658B_HUMAN	ZNF658B	819	45.2	2:Experimental evidence at transcript level	Zinc finger protein 658B	Q4V348	ENSG00000198416	9	havana	gene	39443815.0	39508885.0	.	-	.	ENSG00000198416	ZNF658B	transcribed_unprocessed_pseudogene	39508885.0
sp|Q5VYK3|ECM29_HUMAN	Q5VYK3	ECM29_HUMAN	ECPAS	1845	49.6	1:Experimental evidence at protein level	Proteasome adapter and scaffold protein ECM29	Q5VYK3	ENSG00000136813	9	ensembl_havana	gene	111360692.0	111484745.0	.	-	.	ENSG00000136813	ECPAS	protein_coding	111484745.0
sp|Q6EMK4|VASN_HUMAN	Q6EMK4	VASN_HUMAN	VASN	673	57.9	1:Experimental evidence at protein level	Vasorin	Q6EMK4	ENSG00000168140	16	ensembl_havana	gene	4371848.0	4383538.0	.	+	.	ENSG00000168140	VASN	protein_coding	4371848.0
sp|Q6EMK4|VASN_HUMAN	Q6EMK4	VASN_HUMAN	VASN	673	57.9	1:Experimental evidence at protein level	Vasorin	Q6EMK4	ENSG00000274334												
sp|Q6UX71|PXDC2_HUMAN	Q6UX71	PXDC2_HUMAN	PLXDC2	529	71.8	1:Experimental evidence at protein level	Plexin domain-containing protein 2	Q6UX71	ENSG00000120594	10	ensembl_havana	gene	19816239.0	20289856.0	.	+	.	ENSG00000120594	PLXDC2	protein_coding	19816239.0
sp|Q6ZP82|CC141_HUMAN	Q6ZP82	CC141_HUMAN	CCDC141	1450	48.7	1:Experimental evidence at protein level	Coiled-coil domain-containing protein 141	Q6ZP82	ENSG00000163492	2	havana	gene	178829757.0	179050086.0	.	-	.	ENSG00000163492	CCDC141	protein_coding	179050086.0
sp|Q6ZSZ5|ARHGI_HUMAN	Q6ZSZ5	ARHGI_HUMAN	ARHGEF18	1361	46.9	1:Experimental evidence at protein level	Rho guanine nucleotide exchange factor 18	Q6ZSZ5	ENSG00000104880	19	ensembl_havana	gene	7395113.0	7472484.0	.	+	.	ENSG00000104880	ARHGEF18	protein_coding	7395113.0
sp|Q7Z7G8|VP13B_HUMAN	Q7Z7G8	VP13B_HUMAN	VPS13B	4022	45.8	1:Experimental evidence at protein level	Vacuolar protein sorting-associated protein 13B	Q7Z7G8	ENSG00000132549	8	ensembl_havana	gene	99013266.0	99877580.0	.	+	.	ENSG00000132549	VPS13B	protein_coding	99013266.0
sp|Q86UA1|PRP39_HUMAN	Q86UA1	PRP39_HUMAN	PRPF39	669	46.9	1:Experimental evidence at protein level	Pre-mRNA-processing factor 39	Q86UA1	ENSG00000185246	14	ensembl_havana	gene	45084107.0	45116282.0	.	+	.	ENSG00000185246	PRPF39	protein_coding	45084107.0
sp|Q86UX7|URP2_HUMAN	Q86UX7	URP2_HUMAN	FERMT3	667	76.8	1:Experimental evidence at protein level	Fermitin family homolog 3	Q86UX7	ENSG00000149781	11	ensembl_havana	gene	64206678.0	64223886.0	.	+	.	ENSG00000149781	FERMT3	protein_coding	64206678.0
sp|Q86VK4|ZN410_HUMAN	Q86VK4	ZN410_HUMAN	ZNF410	478	59.4	1:Experimental evidence at protein level	Zinc finger protein 410	Q86VK4	ENSG00000119725	14	ensembl_havana	gene	73886617.0	73932511.0	.	+	.	ENSG00000119725	ZNF410	protein_coding	73886617.0
sp|Q8IWI9|MGAP_HUMAN	Q8IWI9	MGAP_HUMAN	MGA	3065	46.3	1:Experimental evidence at protein level	MAX gene-associated protein	Q8IWI9	ENSG00000174197	15	ensembl_havana	gene	41621224.0	41773081.0	.	+	.	ENSG00000174197	MGA	protein_coding	41621224.0
sp|Q8N1H7|S6OS1_HUMAN	Q8N1H7	S6OS1_HUMAN	SIX6OS1	587	43.6	2:Experimental evidence at transcript level	Protein SIX6	Q8N1H7	ENSG00000179008	14	ensembl_havana	gene	60396469.0	60515543.0	.	-	.	ENSG00000179008	C14orf39	protein_coding	60515543.0
sp|Q8N2U0|TM256_HUMAN	Q8N2U0	TM256_HUMAN	TMEM256	113	24.8	3:Protein inferred from homology	Transmembrane protein 256	Q8N2U0	ENSG00000283771												
sp|Q8N2U0|TM256_HUMAN	Q8N2U0	TM256_HUMAN	TMEM256	113	24.8	3:Protein inferred from homology	Transmembrane protein 256	Q8N2U0	ENSG00000205544	17	ensembl_havana	gene	7402975.0	7404097.0	.	-	.	ENSG00000205544	TMEM256	protein_coding	7404097.0
sp|Q8N365|CIART_HUMAN	Q8N365	CIART_HUMAN	CIART	385	65.7	1:Experimental evidence at protein level	Circadian-associated transcriptional repressor	Q8N365	ENSG00000159208	1	ensembl_havana	gene	150282543.0	150287093.0	.	+	.	ENSG00000159208	CIART	protein_coding	150282543.0
sp|Q8N4C6|NIN_HUMAN	Q8N4C6	NIN_HUMAN	NIN	2090	50.2	1:Experimental evidence at protein level	Ninein	Q8N4C6	ENSG00000100503	14	ensembl_havana	gene	50719763.0	50831121.0	.	-	.	ENSG00000100503	NIN	protein_coding	50831121.0
sp|Q8WU76|SCFD2_HUMAN	Q8WU76	SCFD2_HUMAN	SCFD2	684	21.2	1:Experimental evidence at protein level	Sec1 family domain-containing protein 2	Q8WU76	ENSG00000184178	4	ensembl_havana	gene	52872982.0	53366066.0	.	-	.	ENSG00000184178	SCFD2	protein_coding	53366066.0
sp|Q8WXX0|DYH7_HUMAN	Q8WXX0	DYH7_HUMAN	DNAH7	4024	45.2	1:Experimental evidence at protein level	Dynein heavy chain 7, axonemal	Q8WXX0	ENSG00000118997	2	ensembl_havana	gene	195737703.0	196068837.0	.	-	.	ENSG00000118997	DNAH7	protein_coding	196068837.0
sp|Q92527|ANKR7_HUMAN	Q92527	ANKR7_HUMAN	ANKRD7	254	48.0	2:Experimental evidence at transcript level	Ankyrin repeat domain-containing protein 7	Q92527	ENSG00000106013	7	ensembl_havana	gene	118214669.0	118496171.0	.	+	.	ENSG00000106013	ANKRD7	protein_coding	118214669.0
sp|Q92736|RYR2_HUMAN	Q92736	RYR2_HUMAN	RYR2	4967	49.0	1:Experimental evidence at protein level	Ryanodine receptor 2	Q92736	ENSG00000198626	1	ensembl_havana	gene	237042184.0	237833988.0	.	+	.	ENSG00000198626	RYR2	protein_coding	237042184.0
sp|Q92954|PRG4_HUMAN	Q92954	PRG4_HUMAN	PRG4	1404	52.4	1:Experimental evidence at protein level	Proteoglycan 4	Q92954	ENSG00000116690	1	ensembl_havana	gene	186296279.0	186314562.0	.	+	.	ENSG00000116690	PRG4	protein_coding	186296279.0
sp|Q969V1|MCHR2_HUMAN	Q969V1	MCHR2_HUMAN	MCHR2	340	20.0	1:Experimental evidence at protein level	Melanin-concentrating hormone receptor 2	Q969V1	ENSG00000152034	6	ensembl_havana	gene	99918519.0	99994247.0	.	-	.	ENSG00000152034	MCHR2	protein_coding	99994247.0
sp|Q96BR1|SGK3_HUMAN	Q96BR1	SGK3_HUMAN	SGK3	496	46.6	1:Experimental evidence at protein level	Serine/threonine-protein kinase Sgk3	Q96BR1	ENSG00000104205	8	ensembl_havana	gene	66667552.0	66862022.0	.	+	.	ENSG00000104205	SGK3	protein_coding	66667552.0
sp|Q96DT7|ZBT10_HUMAN	Q96DT7	ZBT10_HUMAN	ZBTB10	871	63.5	1:Experimental evidence at protein level	Zinc finger and BTB domain-containing protein 10	Q96DT7	ENSG00000205189	8	ensembl_havana	gene	80485619.0	80526265.0	.	+	.	ENSG00000205189	ZBTB10	protein_coding	80485619.0
sp|Q96GX5|GWL_HUMAN	Q96GX5	GWL_HUMAN	MASTL	879	66.3	1:Experimental evidence at protein level	Serine/threonine-protein kinase greatwall	Q96GX5	ENSG00000120539	10	ensembl_havana	gene	27154824.0	27186924.0	.	+	.	ENSG00000120539	MASTL	protein_coding	27154824.0
sp|Q96HH9|GRM2B_HUMAN	Q96HH9	GRM2B_HUMAN	GRAMD2B	432	38.0	1:Experimental evidence at protein level	GRAM domain-containing protein 2B	Q96HH9	ENSG00000155324	5	ensembl_havana	gene	126360132.0	126496494.0	.	+	.	ENSG00000155324	GRAMD2B	protein_coding	126360132.0
sp|Q96IY4|CBPB2_HUMAN	Q96IY4	CBPB2_HUMAN	CPB2	423	80.4	1:Experimental evidence at protein level	Carboxypeptidase B2	Q96IY4	ENSG00000080618	13	ensembl_havana	gene	46053186.0	46105033.0	.	-	.	ENSG00000080618	CPB2	protein_coding	46105033.0
sp|Q96JB8|MPP4_HUMAN	Q96JB8	MPP4_HUMAN	MPP4	637	54.2	1:Experimental evidence at protein level	MAGUK p55 subfamily member 4	Q96JB8	ENSG00000082126	2	ensembl_havana	gene	201644870.0	201698694.0	.	-	.	ENSG00000082126	MPP4	protein_coding	201698694.0
sp|Q96JG6|VPS50_HUMAN	Q96JG6	VPS50_HUMAN	VPS50	964	47.3	1:Experimental evidence at protein level	Syndetin	Q96JG6	ENSG00000004766	7	ensembl_havana	gene	93232340.0	93361123.0	.	+	.	ENSG00000004766	VPS50	protein_coding	93232340.0
sp|Q96KN2|CNDP1_HUMAN	Q96KN2	CNDP1_HUMAN	CNDP1	507	78.7	1:Experimental evidence at protein level	Beta-Ala-His dipeptidase	Q96KN2	ENSG00000150656	18	ensembl_havana	gene	74534500.0	74587212.0	.	+	.	ENSG00000150656	CNDP1	protein_coding	74534500.0
sp|Q96PD5|PGRP2_HUMAN	Q96PD5	PGRP2_HUMAN	PGLYRP2	576	87.0	1:Experimental evidence at protein level	N-acetylmuramoyl-L-alanine amidase	Q96PD5	ENSG00000161031	19	ensembl_havana	gene	15468645.0	15498956.0	.	-	.	ENSG00000161031	PGLYRP2	protein_coding	15498956.0
sp|Q96PH1|NOX5_HUMAN	Q96PH1	NOX5_HUMAN	NOX5	765	47.2	1:Experimental evidence at protein level	NADPH oxidase 5	Q96PH1	ENSG00000255346	15	ensembl_havana	gene	68930525.0	69062762.0	.	+	.	ENSG00000255346	NOX5	protein_coding	68930525.0
sp|Q9BQA5|HINFP_HUMAN	Q9BQA5	HINFP_HUMAN	HINFP	517	56.5	1:Experimental evidence at protein level	Histone H4 transcription factor	Q9BQA5	ENSG00000172273	11	ensembl_havana	gene	119121580.0	119136059.0	.	+	.	ENSG00000172273	HINFP	protein_coding	119121580.0
sp|Q9BQR3|PRS27_HUMAN	Q9BQR3	PRS27_HUMAN	PRSS27	290	52.4	1:Experimental evidence at protein level	Serine protease 27	Q9BQR3	ENSG00000172382	16	ensembl_havana	gene	2712419.0	2720551.0	.	-	.	ENSG00000172382	PRSS27	protein_coding	2720551.0
sp|Q9BSJ5|CQ080_HUMAN	Q9BSJ5	CQ080_HUMAN	C17orf80	609	46.5	2:Experimental evidence at transcript level	Uncharacterized protein C17orf80	Q9BSJ5	ENSG00000141219	17	ensembl_havana	gene	73232233.0	73248947.0	.	+	.	ENSG00000141219	C17orf80	protein_coding	73232233.0
sp|Q9BWP8|COL11_HUMAN	Q9BWP8	COL11_HUMAN	COLEC11	271	77.9	1:Experimental evidence at protein level	Collectin-11	Q9BWP8	ENSG00000118004	2	ensembl_havana	gene	3594832.0	3644644.0	.	+	.	ENSG00000118004	COLEC11	protein_coding	3594832.0
sp|Q9BYV9|BACH2_HUMAN	Q9BYV9	BACH2_HUMAN	BACH2	841	59.2	1:Experimental evidence at protein level	Transcription regulator protein BACH2	Q9BYV9	ENSG00000112182	6	ensembl_havana	gene	89926528.0	90296908.0	.	-	.	ENSG00000112182	BACH2	protein_coding	90296908.0
sp|Q9GZZ6|ACH10_HUMAN	Q9GZZ6	ACH10_HUMAN	CHRNA10	450	50.4	1:Experimental evidence at protein level	Neuronal acetylcholine receptor subunit alpha-10	Q9GZZ6	ENSG00000129749	11	ensembl_havana	gene	3665587.0	3671384.0	.	-	.	ENSG00000129749	CHRNA10	protein_coding	3671384.0
sp|Q9H013|ADA19_HUMAN	Q9H013	ADA19_HUMAN	ADAM19	955	56.8	1:Experimental evidence at protein level	Disintegrin and metalloproteinase domain-containing protein 19	Q9H013	ENSG00000135074	5	ensembl_havana	gene	157395534.0	157575775.0	.	-	.	ENSG00000135074	ADAM19	protein_coding	157575775.0
sp|Q9H173|SIL1_HUMAN	Q9H173	SIL1_HUMAN	SIL1	461	61.0	1:Experimental evidence at protein level	Nucleotide exchange factor SIL1	Q9H173	ENSG00000120725	5	ensembl_havana	gene	138946724.0	139293557.0	.	-	.	ENSG00000120725	SIL1	protein_coding	139293557.0
sp|Q9HAW4|CLSPN_HUMAN	Q9HAW4	CLSPN_HUMAN	CLSPN	1339	49.8	1:Experimental evidence at protein level	Claspin	Q9HAW4	ENSG00000092853	1	ensembl_havana	gene	35720218.0	35769978.0	.	-	.	ENSG00000092853	CLSPN	protein_coding	35769978.0
sp|Q9NZJ4|SACS_HUMAN	Q9NZJ4	SACS_HUMAN	SACS	4579	41.6	1:Experimental evidence at protein level	Sacsin	Q9NZJ4	ENSG00000151835	13	ensembl_havana	gene	23328826.0	23433740.0	.	-	.	ENSG00000151835	SACS	protein_coding	23433740.0
sp|Q9NZP8|C1RL_HUMAN	Q9NZP8	C1RL_HUMAN	C1RL	487	62.6	1:Experimental evidence at protein level	Complement C1r subcomponent-like protein	Q9NZP8	ENSG00000288124												
sp|Q9NZP8|C1RL_HUMAN	Q9NZP8	C1RL_HUMAN	C1RL	487	62.6	1:Experimental evidence at protein level	Complement C1r subcomponent-like protein	Q9NZP8	ENSG00000139178	12	ensembl_havana	gene	7089587.0	7109238.0	.	-	.	ENSG00000139178	C1RL	protein_coding	7109238.0
sp|Q9UGM5|FETUB_HUMAN	Q9UGM5	FETUB_HUMAN	FETUB	382	84.3	1:Experimental evidence at protein level	Fetuin-B	Q9UGM5	ENSG00000090512	3	ensembl_havana	gene	186635969.0	186653141.0	.	+	.	ENSG00000090512	FETUB	protein_coding	186635969.0
sp|Q9UK55|ZPI_HUMAN	Q9UK55	ZPI_HUMAN	SERPINA10	444	92.3	1:Experimental evidence at protein level	Protein Z-dependent protease inhibitor	Q9UK55	ENSG00000140093	14	ensembl_havana	gene	94280460.0	94293268.0	.	-	.	ENSG00000140093	SERPINA10	protein_coding	94293268.0
sp|Q9UK55|ZPI_HUMAN	Q9UK55	ZPI_HUMAN	SERPINA10	444	92.3	1:Experimental evidence at protein level	Protein Z-dependent protease inhibitor	Q9UK55	ENSG00000278767												
sp|Q9UL62|TRPC5_HUMAN	Q9UL62	TRPC5_HUMAN	TRPC5	973	33.9	1:Experimental evidence at protein level	Short transient receptor potential channel 5	Q9UL62	ENSG00000072315	X	ensembl_havana	gene	111774315.0	112082776.0	.	-	.	ENSG00000072315	TRPC5	protein_coding	112082776.0
sp|Q9Y2E6|DTX4_HUMAN	Q9Y2E6	DTX4_HUMAN	DTX4	619	59.8	1:Experimental evidence at protein level	E3 ubiquitin-protein ligase DTX4	Q9Y2E6	ENSG00000110042	11	ensembl_havana	gene	59171430.0	59208588.0	.	+	.	ENSG00000110042	DTX4	protein_coding	59171430.0
sp|Q9Y3R5|DOP2_HUMAN	Q9Y3R5	DOP2_HUMAN	DOP1B	2298	41.4	1:Experimental evidence at protein level	Protein dopey-2	Q9Y3R5	ENSG00000142197	21	ensembl_havana	gene	36156782.0	36294274.0	.	+	.	ENSG00000142197	DOP1B	protein_coding	36156782.0
sp|Q9Y4E8|UBP15_HUMAN	Q9Y4E8	UBP15_HUMAN	USP15	981	52.7	1:Experimental evidence at protein level	Ubiquitin carboxyl-terminal hydrolase 15	Q9Y4E8	ENSG00000135655	12	ensembl_havana	gene	62260338.0	62417431.0	.	+	.	ENSG00000135655	USP15	protein_coding	62260338.0
sp|Q9Y6R7|FCGBP_HUMAN	Q9Y6R7	FCGBP_HUMAN	FCGBP	5405	72.4	1:Experimental evidence at protein level	IgGFc-binding protein	Q9Y6R7	ENSG00000281123												
